종목코드,종목명,거래일,거래일순번,시가,고가,저가,종가,거래량,거래대금,등락률
000270,기아,2026-02-09,1,153700,155000,152200,153800,1370996,210859184800,0.0
000270,기아,2026-02-10,2,155800,158600,154600,154700,1011933,156546035100,0.59
000270,기아,2026-02-11,3,156400,162000,154700,161800,1622428,262508850400,4.59
000270,기아,2026-02-12,4,163200,166300,160700,166300,1804086,300019501800,2.78
000270,기아,2026-02-13,5,164900,166000,163200,164100,972962,159663064200,-1.32
000270,기아,2026-02-19,6,169000,171500,164000,170000,1357727,230813590000,3.6
000270,기아,2026-02-20,7,170100,172700,168700,171800,1074310,184566458000,1.06
000270,기아,2026-02-23,8,174900,176800,171500,172700,1158150,200012505000,0.52
000270,기아,2026-02-24,9,171200,174500,169300,174000,1213901,211218774000,0.75
000270,기아,2026-02-25,10,175700,199900,175500,196100,3876333,760148901300,12.7
000270,기아,2026-02-26,11,197400,208000,194100,206000,1991104,410167424000,5.05
000270,기아,2026-02-27,12,199600,212500,197100,205500,2945241,605247025500,-0.24
000270,기아,2026-03-03,13,185000,195700,180000,182300,3431157,625499921100,-11.29
000270,기아,2026-03-04,14,167600,176900,155000,156700,2941762,460974105400,-14.04
000270,기아,2026-03-05,15,171600,172600,163400,166400,2697408,448848691200,6.19
000270,기아,2026-03-06,16,161100,169600,161000,167000,1667956,278548652000,0.36
000270,기아,2026-03-09,17,152100,155000,150100,153400,1846031,283181155400,-8.14
000270,기아,2026-03-10,18,160200,163000,157000,161000,1765368,284224248000,4.95
000270,기아,2026-03-11,19,169000,170400,160500,162000,1171357,189759834000,0.62
000270,기아,2026-03-12,20,161500,167000,161300,167000,1348612,225218204000,3.09
000270,기아,2026-03-13,21,161400,166200,158700,164300,1614149,265204680700,-1.62
000270,기아,2026-03-16,22,162800,165200,161800,162000,1055451,170983062000,-1.4
000270,기아,2026-03-17,23,167000,170900,167000,167300,1068349,178734787700,3.27
000270,기아,2026-03-18,24,171100,176300,170600,175100,1186749,207799749900,4.66
000270,기아,2026-03-19,25,171000,173900,170200,170500,904634,154240097000,-2.63
000270,기아,2026-03-20,26,172100,172500,168500,168500,2000787,337132609500,-1.17
000270,기아,2026-03-23,27,162100,163900,159200,161700,1347768,217934085600,-4.04
000270,기아,2026-03-24,28,164000,164200,154500,157900,1544213,243831232700,-2.35
000270,기아,2026-03-25,29,160600,163300,157900,157900,1032979,163107384100,0.0
000270,기아,2026-03-26,30,156500,158000,154300,154700,836063,129338946100,-2.03
000270,기아,2026-03-27,31,150800,156300,149400,155800,832198,129656448400,0.71
000270,기아,2026-03-30,32,147400,151900,145400,151500,976319,147912328500,-2.76
000270,기아,2026-03-31,33,145100,151800,143800,145200,1442003,209378835600,-4.16
000270,기아,2026-04-01,34,152900,157000,150100,155300,1056596,164089358800,6.96
000270,기아,2026-04-02,35,157900,160300,148600,150600,1122509,169049855400,-3.03
000270,기아,2026-04-03,36,153000,156100,149700,150200,508389,76360027800,-0.27
000270,기아,2026-04-06,37,151000,154100,150200,151600,613147,92953085200,0.93
000270,기아,2026-04-07,38,152200,153400,149100,150800,719002,108425501600,-0.53
000270,기아,2026-04-08,39,158200,160000,155300,159200,1136144,180874124800,5.57
000270,기아,2026-04-09,40,159300,163200,149100,150500,1896387,285406243500,-5.46
000270,기아,2026-04-10,41,154000,154700,149000,149000,1787395,266321855000,-1.0
000270,기아,2026-04-13,42,147400,148700,145700,147400,976438,143926961200,-1.07
000270,기아,2026-04-14,43,149800,151700,149100,149200,924805,137980906000,1.22
000270,기아,2026-04-15,44,152000,154600,150800,151500,1100822,166774533000,1.54
000270,기아,2026-04-16,45,154600,158900,154600,157900,1405390,221911081000,4.22
000270,기아,2026-04-17,46,159800,159900,156800,159200,866411,137932631200,0.82
000270,기아,2026-04-20,47,158500,160300,156600,157400,602294,94801075600,-1.13
000270,기아,2026-04-21,48,158200,160500,157700,160000,758081,121292960000,1.65
000270,기아,2026-04-22,49,160000,160100,157700,160000,770589,123294240000,0.0
000270,기아,2026-04-23,50,164700,164800,157000,158400,1112754,176260233600,-1.0
000270,기아,2026-04-24,51,157700,157700,153400,153400,1088654,166999523600,-3.16
000270,기아,2026-04-27,52,153800,154700,152100,152600,1418466,216457911600,-0.52
000270,기아,2026-04-28,53,152900,159200,152300,155600,1572801,244727835600,1.97
000270,기아,2026-04-29,54,157300,157400,154000,156900,726697,114018759300,0.84
000270,기아,2026-04-30,55,155400,157400,151700,151800,1187225,180220755000,-3.25
000270,기아,2026-05-04,56,156300,156500,153600,154000,779973,120115842000,1.45
000270,기아,2026-05-06,57,154300,158800,154000,154600,1124784,173891606400,0.39
000270,기아,2026-05-07,58,159000,161900,156300,157600,1567931,247105925600,1.94
000270,기아,2026-05-08,59,159800,170300,156400,164500,3759583,618451403500,4.38
000270,기아,2026-05-11,60,170400,178800,166500,174700,2981237,520822103900,6.2
000270,기아,2026-05-12,61,175700,180400,162500,168300,2971261,500063226300,-3.66
000270,기아,2026-05-13,62,166500,179500,163800,179500,2667366,478792197000,6.65
000270,기아,2026-05-14,63,182100,183000,173600,178100,2320304,413246142400,-0.78
000270,기아,2026-05-15,64,178200,184200,164900,168000,2839184,476982912000,-5.67
000270,기아,2026-05-18,65,168800,170700,158600,162500,1367438,222208675000,-3.27
000270,기아,2026-05-19,66,161700,162600,152100,154900,1578129,244452182100,-4.68
000270,기아,2026-05-20,67,153600,154900,147700,149400,1918825,286672455000,-3.55
000270,기아,2026-05-21,68,154500,169300,153700,167900,1633956,274341212400,12.38
000270,기아,2026-05-22,69,169500,169800,162400,164800,900343,148376526400,-1.85
000270,기아,2026-05-26,70,168400,170500,165500,167000,887765,148256755000,1.33
000270,기아,2026-05-27,71,167300,169000,162500,164700,1295315,213338380500,-1.38
000270,기아,2026-05-28,72,172900,173000,159500,164300,1409381,231561298300,-0.24
000270,기아,2026-05-29,73,165500,172500,164100,169200,2545048,430622121600,2.98
000270,기아,2026-06-01,74,170500,174600,167600,169900,1733940,294596406000,0.41
000270,기아,2026-06-02,75,171300,172700,163900,168800,1440263,243116394400,-0.65
000270,기아,2026-06-04,76,166000,168000,162000,164300,1477518,242756207400,-2.67
000270,기아,2026-06-05,77,162900,163000,154600,161100,1077583,173598621300,-1.95
000270,기아,2026-06-08,78,149900,154700,149800,151400,1305489,197651034600,-6.02
000270,기아,2026-06-09,79,155900,167300,154500,164300,2331570,383076951000,8.52
000270,기아,2026-06-10,80,162000,164800,154500,159700,1920797,306751280900,-2.8
000270,기아,2026-06-11,81,154300,156000,150300,156000,1634502,254982312000,-2.32
000270,기아,2026-06-12,82,162800,168900,160800,166800,2416481,403069030800,6.92
000270,기아,2026-06-15,83,169200,172900,167100,167500,1297572,217343310000,0.42
000270,기아,2026-06-16,84,171700,171900,166200,170200,1130432,192399526400,1.61
000270,기아,2026-06-17,85,169200,169400,165800,166300,585295,97334558500,-2.29
000270,기아,2026-06-18,86,165500,167000,158500,158800,1058777,168133787600,-4.51
000270,기아,2026-06-19,87,159000,162400,153700,154900,1605584,248704961600,-2.46
000270,기아,2026-06-22,88,154500,155700,151100,151400,735085,111291869000,-2.26
000270,기아,2026-06-23,89,150300,151400,137300,137400,1317728,181055827200,-9.25
000270,기아,2026-06-24,90,139300,141400,136300,138900,1133812,157486486800,1.09
000270,기아,2026-06-25,91,142000,144200,138300,139500,1040861,145200109500,0.43
000270,기아,2026-06-26,92,138200,139000,130000,135300,1133840,153408552000,-3.01
000270,기아,2026-06-29,93,135400,142400,132100,140600,786609,110597225400,3.92
000270,기아,2026-06-30,94,143400,143500,136200,138000,979109,135117042000,-1.85
000270,기아,2026-07-01,95,140500,144200,137700,141500,790999,111926358500,2.54
000270,기아,2026-07-02,96,142900,148700,137600,145200,1317643,191321763600,2.61
000270,기아,2026-07-03,97,146800,152000,143800,152000,1078769,163972888000,4.68
000270,기아,2026-07-06,98,153000,162500,150400,160700,1610920,258874844000,5.72
000270,기아,2026-07-07,99,157700,159100,147200,153700,1180558,181451764600,-4.36
000270,기아,2026-07-08,100,153100,162900,150000,156800,1779324,278998003200,2.02
000270,기아,2026-07-09,101,156700,156900,144400,144800,1363126,197380644800,-7.65
000270,기아,2026-07-10,102,147400,152000,145500,147500,1005420,148299450000,1.86
000270,기아,2026-07-13,103,148000,151100,142300,143500,898409,128921691500,-2.71
000270,기아,2026-07-14,104,143700,144700,138700,139600,1139267,159041673200,-2.72
000270,기아,2026-07-15,105,141400,146300,141300,145000,1067661,154810845000,3.87
000270,기아,2026-07-16,106,143400,150500,142400,149700,967288,144803013600,3.24
000270,기아,2026-07-20,107,143000,146300,138100,140000,876708,122739120000,-6.48
000270,기아,2026-07-21,108,139500,144900,137300,144600,870748,125910160800,3.29
000270,기아,2026-07-22,109,146400,150300,145500,146800,790259,116010021200,1.52
000270,기아,2026-07-23,110,146500,150000,145000,149800,555094,83153081200,2.04
000270,기아,2026-07-24,111,146300,146800,129500,130500,1512716,197409438000,-12.88
000270,기아,2026-07-27,112,133100,133200,127200,130400,1048912,136778124800,-0.08
000270,기아,2026-07-28,113,126000,127300,121100,121800,1115783,135902369400,-6.6
000270,기아,2026-07-29,114,122700,126500,114700,120400,1833971,220810108400,-1.15
000270,기아,2026-07-30,115,115000,124400,115000,120800,1376243,166250154400,0.33
000270,기아,2026-07-31,116,126100,132300,123700,131900,1434879,189260540100,9.19
000270,기아,2026-08-03,117,127000,130400,127000,129600,686065,88914024000,-1.74
000270,기아,2026-08-04,118,128400,129800,126400,129600,700158,90740476800,0.0
000270,기아,2026-08-05,119,131400,134400,131300,133000,850555,113123815000,2.62
000270,기아,2026-08-06,120,132600,135800,130300,133600,796639,106430970400,0.45
000270,기아,2026-08-07,121,134000,135000,131000,134900,880574,118789432600,0.97
000270,기아,2026-08-10,122,133600,136200,132800,135500,703951,95385360500,0.44
000270,기아,2026-08-11,123,133800,136800,133800,134300,454123,60988718900,-0.89
000270,기아,2026-08-12,124,135800,137900,134700,135600,851047,115401973200,0.97
000270,기아,2026-08-13,125,137900,141000,135900,137400,1035090,142221366000,1.33
000270,기아,2026-08-14,126,137400,142400,137200,141700,768982,108964749400,3.13
000660,SK하이닉스,2026-02-09,1,898000,899000,873000,887000,4228584,3750754008000,0.0
000660,SK하이닉스,2026-02-10,2,894000,905000,876000,876000,3441377,3014646252000,-1.24
000660,SK하이닉스,2026-02-11,3,860000,874000,848000,860000,3125590,2688007400000,-1.83
000660,SK하이닉스,2026-02-12,4,882000,894000,878000,888000,4619344,4101977472000,3.26
000660,SK하이닉스,2026-02-13,5,889000,903000,878000,880000,3534047,3109961360000,-0.9
000660,SK하이닉스,2026-02-19,6,905000,913000,888000,894000,3285109,2936887446000,1.59
000660,SK하이닉스,2026-02-20,7,892000,955000,881000,949000,5054333,4796562017000,6.15
000660,SK하이닉스,2026-02-23,8,980000,980000,941000,951000,3523887,3351216537000,0.21
000660,SK하이닉스,2026-02-24,9,952000,1005000,946000,1005000,4102382,4122893910000,5.68
000660,SK하이닉스,2026-02-25,10,1012000,1038000,1004000,1018000,3462525,3524850450000,1.29
000660,SK하이닉스,2026-02-26,11,1024000,1099000,1023000,1099000,4461976,4903711624000,7.96
000660,SK하이닉스,2026-02-27,12,1050000,1096000,1048000,1061000,6453062,6846698782000,-3.46
000660,SK하이닉스,2026-03-03,13,1022000,1040000,939000,939000,6818327,6402409053000,-11.5
000660,SK하이닉스,2026-03-04,14,894000,954000,846000,849000,9253420,7856153580000,-9.58
000660,SK하이닉스,2026-03-05,15,976000,992000,927000,941000,6442459,6062353919000,10.84
000660,SK하이닉스,2026-03-06,16,912000,938000,885000,924000,3744322,3459753528000,-1.81
000660,SK하이닉스,2026-03-09,17,851000,864000,808000,836000,7253621,6064027156000,-9.52
000660,SK하이닉스,2026-03-10,18,915000,950000,899000,938000,5304897,4975993386000,12.2
000660,SK하이닉스,2026-03-11,19,954000,985000,941000,955000,3916098,3739873590000,1.81
000660,SK하이닉스,2026-03-12,20,938000,963000,928000,930000,3711742,3451920060000,-2.62
000660,SK하이닉스,2026-03-13,21,891000,929000,884000,910000,3645102,3317042820000,-2.15
000660,SK하이닉스,2026-03-16,22,925000,975000,924000,974000,3829496,3729929104000,7.03
000660,SK하이닉스,2026-03-17,23,1009000,1010000,969000,970000,3326240,3226452800000,-0.41
000660,SK하이닉스,2026-03-18,24,1000000,1060000,999000,1056000,4347884,4591365504000,8.87
000660,SK하이닉스,2026-03-19,25,1008000,1043000,1003000,1013000,3347483,3391000279000,-4.07
000660,SK하이닉스,2026-03-20,26,1023000,1026000,1002000,1007000,3426646,3450632522000,-0.59
000660,SK하이닉스,2026-03-23,27,952000,963000,927000,933000,3911813,3649721529000,-7.35
000660,SK하이닉스,2026-03-24,28,993000,994000,938000,986000,4352152,4291221872000,5.68
000660,SK하이닉스,2026-03-25,29,1016000,1042000,988000,995000,4463869,4441549655000,0.91
000660,SK하이닉스,2026-03-26,30,965000,973000,931000,933000,4660620,4348358460000,-6.23
000660,SK하이닉스,2026-03-27,31,890000,934000,880000,922000,4520942,4168308524000,-1.18
000660,SK하이닉스,2026-03-30,32,867000,884000,862000,873000,4498502,3927192246000,-5.31
000660,SK하이닉스,2026-03-31,33,817000,852000,806000,807000,7194351,5805841257000,-7.56
000660,SK하이닉스,2026-04-01,34,884000,905000,858000,893000,6255058,5585766794000,10.66
000660,SK하이닉스,2026-04-02,35,912000,914000,818000,830000,6127534,5085853220000,-7.05
000660,SK하이닉스,2026-04-03,36,867000,886000,860000,876000,2927164,2564195664000,5.54
000660,SK하이닉스,2026-04-06,37,877000,901500,869000,886000,3100989,2747476254000,1.14
000660,SK하이닉스,2026-04-07,38,917000,933000,888000,916000,3619929,3315854964000,3.39
000660,SK하이닉스,2026-04-08,39,1007000,1056000,992000,1033000,6709356,6930764748000,12.77
000660,SK하이닉스,2026-04-09,40,1015000,1025000,990000,998000,5026817,5016763366000,-3.39
000660,SK하이닉스,2026-04-10,41,1030000,1042000,1024000,1027000,3134921,3219563867000,2.91
000660,SK하이닉스,2026-04-13,42,999000,1043000,996000,1040000,2769753,2880543120000,1.27
000660,SK하이닉스,2026-04-14,43,1092000,1128000,1078000,1103000,4754545,5244263135000,6.06
000660,SK하이닉스,2026-04-15,44,1165000,1173000,1130000,1136000,4093703,4650446608000,2.99
000660,SK하이닉스,2026-04-16,45,1141000,1161000,1130000,1155000,2901319,3351023445000,1.67
000660,SK하이닉스,2026-04-17,46,1149000,1155000,1121000,1128000,3578235,4036249080000,-2.34
000660,SK하이닉스,2026-04-20,47,1148000,1175000,1141000,1166000,3748014,4370184324000,3.37
000660,SK하이닉스,2026-04-21,48,1196000,1228000,1193000,1224000,3516960,4304759040000,4.97
000660,SK하이닉스,2026-04-22,49,1227000,1233000,1195000,1223000,2894919,3540485937000,-0.08
000660,SK하이닉스,2026-04-23,50,1220000,1267000,1183000,1225000,5343871,6546241975000,0.16
000660,SK하이닉스,2026-04-24,51,1237000,1242000,1193000,1222000,3127857,3822241254000,-0.24
000660,SK하이닉스,2026-04-27,52,1253000,1317000,1249000,1292000,4563073,5895490316000,5.73
000660,SK하이닉스,2026-04-28,53,1313000,1328000,1296000,1300000,3002713,3903526900000,0.62
000660,SK하이닉스,2026-04-29,54,1284000,1317000,1281000,1293000,3001208,3880561944000,-0.54
000660,SK하이닉스,2026-04-30,55,1312000,1325000,1286000,1286000,3342342,4298251812000,-0.54
000660,SK하이닉스,2026-05-04,56,1339000,1450000,1333000,1447000,5776641,8358799527000,12.52
000660,SK하이닉스,2026-05-06,57,1590000,1614000,1557000,1601000,6631934,10617726334000,10.64
000660,SK하이닉스,2026-05-07,58,1622000,1665000,1567000,1654000,5860618,9693462172000,3.31
000660,SK하이닉스,2026-05-08,59,1591000,1689000,1591000,1686000,4278087,7212854682000,1.93
000660,SK하이닉스,2026-05-11,60,1833000,1949000,1826000,1880000,7433039,13974113320000,11.51
000660,SK하이닉스,2026-05-12,61,1944000,1967000,1804000,1835000,9160593,16809688155000,-2.39
000660,SK하이닉스,2026-05-13,62,1781000,1990000,1781000,1976000,7126921,14082795896000,7.68
000660,SK하이닉스,2026-05-14,63,1976000,1994000,1937000,1970000,6040068,11898933960000,-0.3
000660,SK하이닉스,2026-05-15,64,1950000,1995000,1789000,1819000,7485233,13615638827000,-7.66
000660,SK하이닉스,2026-05-18,65,1780000,1897000,1731000,1840000,6481608,11926158720000,1.15
000660,SK하이닉스,2026-05-19,66,1791000,1823000,1740000,1745000,4575855,7984866975000,-5.16
000660,SK하이닉스,2026-05-20,67,1743000,1778000,1690000,1745000,5535123,9658789635000,0.0
000660,SK하이닉스,2026-05-21,68,1801000,1954000,1796000,1940000,5096690,9887578600000,11.17
000660,SK하이닉스,2026-05-22,69,1942000,1952000,1912000,1941000,3135190,6085403790000,0.05
000660,SK하이닉스,2026-05-26,70,2008000,2087000,2006000,2052000,4903591,10062168732000,5.72
000660,SK하이닉스,2026-05-27,71,2279000,2358000,2200000,2243000,7545783,16925191269000,9.31
000660,SK하이닉스,2026-05-28,72,2189000,2305000,2151000,2289000,6229499,14259323211000,2.05
000660,SK하이닉스,2026-05-29,73,2352000,2379000,2290500,2333000,8518013,19872524329000,1.92
000660,SK하이닉스,2026-06-01,74,2299000,2398000,2296000,2363000,5602897,13239645611000,1.29
000660,SK하이닉스,2026-06-02,75,2376000,2407000,2259000,2360000,5837216,13775829760000,-0.13
000660,SK하이닉스,2026-06-04,76,2284000,2327000,2262000,2298000,3941067,9056571966000,-2.63
000660,SK하이닉스,2026-06-05,77,2142000,2188000,2070000,2070000,5778751,11962014570000,-9.92
000660,SK하이닉스,2026-06-08,78,1856000,2072000,1855000,1911000,6610833,12633301863000,-7.68
000660,SK하이닉스,2026-06-09,79,2050000,2226000,1998000,2215000,5878039,13019856385000,15.91
000660,SK하이닉스,2026-06-10,80,2137000,2180000,1992000,2048000,4928269,10093094912000,-7.54
000660,SK하이닉스,2026-06-11,81,1975000,2163000,1960000,2101000,6625775,13920753275000,2.59
000660,SK하이닉스,2026-06-12,82,2281000,2304000,2150000,2150000,5286416,11365794400000,2.33
000660,SK하이닉스,2026-06-15,83,2283000,2322000,2265000,2288000,3872910,8861218080000,6.42
000660,SK하이닉스,2026-06-16,84,2381000,2400000,2286000,2382000,3644469,8681125158000,4.11
000660,SK하이닉스,2026-06-17,85,2335000,2523000,2334000,2521000,3980010,10033605210000,5.84
000660,SK하이닉스,2026-06-18,86,2556000,2738000,2556000,2685000,5808765,15596534025000,6.51
000660,SK하이닉스,2026-06-19,87,2824000,2891000,2688000,2764000,7478195,20669730980000,2.94
000660,SK하이닉스,2026-06-22,88,2728000,2945000,2728000,2919000,5179795,15119821605000,5.61
000660,SK하이닉스,2026-06-23,89,2898000,2943000,2536000,2555000,8050335,20568605925000,-12.47
000660,SK하이닉스,2026-06-24,90,2598000,2703000,2453000,2580000,7487916,19318823280000,0.98
000660,SK하이닉스,2026-06-25,91,2865000,2987000,2749000,2917000,6790853,19808918201000,13.06
000660,SK하이닉스,2026-06-26,92,2850000,2880000,2600000,2673000,7467492,19960606116000,-8.36
000660,SK하이닉스,2026-06-29,93,2636000,2688000,2517000,2628000,5217788,13712346864000,-1.68
000660,SK하이닉스,2026-06-30,94,2608000,2742000,2541000,2650000,5109213,13539414450000,0.84
000660,SK하이닉스,2026-07-01,95,2665000,2723000,2502000,2560000,4277276,10949826560000,-3.4
000660,SK하이닉스,2026-07-02,96,2351000,2448000,2187000,2187000,7685914,16809093918000,-14.57
000660,SK하이닉스,2026-07-03,97,2197000,2454000,2045000,2425000,7984914,19363416450000,10.88
000660,SK하이닉스,2026-07-06,98,2450000,2497000,2292000,2343000,4235360,9923448480000,-3.38
000660,SK하이닉스,2026-07-07,99,2289000,2343000,2080000,2201000,6351195,13978980195000,-6.06
000660,SK하이닉스,2026-07-08,100,2118000,2329000,2076000,2076000,6975631,14481409956000,-5.68
000660,SK하이닉스,2026-07-09,101,2228000,2270000,2091000,2186000,6261504,13687647744000,5.3
000660,SK하이닉스,2026-07-10,102,2296000,2305000,2166000,2180000,4827239,10523381020000,-0.27
000660,SK하이닉스,2026-07-13,103,2113000,2142000,1839000,1845000,8040043,14833879335000,-15.37
000660,SK하이닉스,2026-07-14,104,1825000,1936000,1678000,1913000,10447011,19985132043000,3.69
000660,SK하이닉스,2026-07-15,105,2120000,2171000,2070000,2082000,6046951,12589751982000,8.83
000660,SK하이닉스,2026-07-16,106,1902000,1919000,1821000,1842000,5608812,10331431704000,-11.53
000660,SK하이닉스,2026-07-20,107,1745000,1892000,1735000,1764000,5876444,10366047216000,-4.23
000660,SK하이닉스,2026-07-21,108,1775000,1889000,1732000,1836000,4639208,8517585888000,4.08
000660,SK하이닉스,2026-07-22,109,1977000,2006000,1830000,1830000,4802637,8788825710000,-0.33
000660,SK하이닉스,2026-07-23,110,1910000,1948000,1845000,1919000,4119477,7905276363000,4.86
000660,SK하이닉스,2026-07-24,111,1894000,1894000,1752000,1759000,4935624,8681762616000,-8.34
000660,SK하이닉스,2026-07-27,112,1814000,1821000,1707000,1816000,4030933,7320174328000,3.24
000660,SK하이닉스,2026-07-28,113,1662000,1674000,1550000,1550000,8120587,12586909850000,-14.65
000660,SK하이닉스,2026-07-29,114,1567000,1619000,1246000,1401000,12428883,17412865083000,-9.61
000660,SK하이닉스,2026-07-30,115,1361000,1459000,1287000,1322000,9543189,12616095858000,-5.64
000660,SK하이닉스,2026-07-31,116,1697000,1718000,1586000,1718000,10499619,18038345442000,29.95
000660,SK하이닉스,2026-08-03,117,1642000,1645000,1562000,1567000,5432833,8513249311000,-8.79
000660,SK하이닉스,2026-08-04,118,1620000,1630000,1483000,1577000,5391210,8501938170000,0.64
000660,SK하이닉스,2026-08-05,119,1693000,1701000,1647000,1668000,3945674,6581384232000,5.77
000660,SK하이닉스,2026-08-06,120,1600000,1606000,1481000,1495000,5498295,8219951025000,-10.37
000660,SK하이닉스,2026-08-07,121,1521000,1542000,1409000,1422000,5002539,7113610458000,-4.88
000660,SK하이닉스,2026-08-10,122,1443000,1487000,1397000,1420000,3295283,4679301860000,-0.14
000660,SK하이닉스,2026-08-11,123,1405000,1455000,1373000,1425000,3817655,5440158375000,0.35
000660,SK하이닉스,2026-08-12,124,1456000,1549000,1440000,1504000,4566672,6868274688000,5.54
000660,SK하이닉스,2026-08-13,125,1582000,1634000,1567000,1593000,4680347,7455792771000,5.92
000660,SK하이닉스,2026-08-14,126,1695000,1697000,1626000,1645000,4295990,7066903550000,3.26
005380,현대차,2026-02-09,1,484000,485000,473000,478000,1518143,725672354000,0.0
005380,현대차,2026-02-10,2,499000,505000,479000,480500,1738747,835467933500,0.52
005380,현대차,2026-02-11,3,480500,515000,477000,509000,3270111,1664486499000,5.93
005380,현대차,2026-02-12,4,512000,512000,498000,506000,1733637,877220322000,-0.59
005380,현대차,2026-02-13,5,499500,509500,497500,499000,1147006,572355994000,-1.38
005380,현대차,2026-02-19,6,504000,523000,495500,513000,1907584,978590592000,2.81
005380,현대차,2026-02-20,7,516000,516000,504000,509000,1251835,637184015000,-0.78
005380,현대차,2026-02-23,8,524000,541000,517000,523000,2094265,1095300595000,2.75
005380,현대차,2026-02-24,9,522000,530000,505000,524000,1490869,781215356000,0.19
005380,현대차,2026-02-25,10,535000,584000,532000,572000,4149696,2373626112000,9.16
005380,현대차,2026-02-26,11,574000,618000,563000,609000,2894222,1762581198000,6.47
005380,현대차,2026-02-27,12,592000,687000,590000,674000,4354409,2934871666000,10.67
005380,현대차,2026-03-03,13,654000,658000,594000,595000,3763225,2239118875000,-11.72
005380,현대차,2026-03-04,14,560000,593000,497500,501000,4855346,2432528346000,-15.8
005380,현대차,2026-03-05,15,565000,582000,540000,548000,2663493,1459594164000,9.38
005380,현대차,2026-03-06,16,532000,564000,530000,553000,1582300,875011900000,0.91
005380,현대차,2026-03-09,17,504000,511000,491000,507000,1913094,969938658000,-8.32
005380,현대차,2026-03-10,18,538000,541000,519000,525000,1270933,667239825000,3.55
005380,현대차,2026-03-11,19,550000,561000,523000,530000,1415825,750387250000,0.95
005380,현대차,2026-03-12,20,524000,528000,513000,521000,1146292,597218132000,-1.7
005380,현대차,2026-03-13,21,502000,529500,501000,517000,950437,491375929000,-0.77
005380,현대차,2026-03-16,22,511000,520000,499000,506000,1348089,682133034000,-2.13
005380,현대차,2026-03-17,23,528000,544000,520000,522000,1346937,703101114000,3.16
005380,현대차,2026-03-18,24,536000,545000,530000,545000,930616,507185720000,4.41
005380,현대차,2026-03-19,25,521000,530000,521000,522000,770000,401940000000,-4.22
005380,현대차,2026-03-20,26,527000,528000,517000,517000,1049264,542469488000,-0.96
005380,현대차,2026-03-23,27,500000,501000,485000,485000,1603262,777582070000,-6.19
005380,현대차,2026-03-24,28,508000,509000,484000,492000,1082455,532567860000,1.44
005380,현대차,2026-03-25,29,509000,518000,498500,501000,1102731,552468231000,1.83
005380,현대차,2026-03-26,30,496000,499500,486000,490000,954455,467682950000,-2.2
005380,현대차,2026-03-27,31,472500,498500,467000,495000,1151726,570104370000,1.02
005380,현대차,2026-03-30,32,468500,472500,461000,469500,942256,442389192000,-5.15
005380,현대차,2026-03-31,33,459500,464000,445000,445500,1271113,566280841500,-5.11
005380,현대차,2026-04-01,34,472000,492500,466000,488000,974266,475441808000,9.54
005380,현대차,2026-04-02,35,499000,499500,457000,465500,1331860,619980830000,-4.61
005380,현대차,2026-04-03,36,475500,485000,467000,471000,659219,310492149000,1.18
005380,현대차,2026-04-06,37,469500,477500,465000,469000,553057,259383733000,-0.42
005380,현대차,2026-04-07,38,477000,481500,465500,473000,704114,333045922000,0.85
005380,현대차,2026-04-08,39,500000,510000,490000,508000,1291522,656093176000,7.4
005380,현대차,2026-04-09,40,510000,514000,487000,489500,990889,485040165500,-3.64
005380,현대차,2026-04-10,41,498000,499500,489500,489500,814112,398507824000,0.0
005380,현대차,2026-04-13,42,476500,486500,474500,478500,637565,305074852500,-2.25
005380,현대차,2026-04-14,43,492500,501500,489000,491500,778907,382832790500,2.72
005380,현대차,2026-04-15,44,510000,519000,502000,508000,867909,440897772000,3.36
005380,현대차,2026-04-16,45,530000,544000,527000,534000,1524311,813982074000,5.12
005380,현대차,2026-04-17,46,547000,548000,531000,538000,724452,389755176000,0.75
005380,현대차,2026-04-20,47,533000,541000,526000,527000,835506,440311662000,-2.04
005380,현대차,2026-04-21,48,534000,548000,530000,546000,946609,516848514000,3.61
005380,현대차,2026-04-22,49,540000,542000,531000,541000,747125,404194625000,-0.92
005380,현대차,2026-04-23,50,547000,551000,525000,532000,1089561,579646452000,-1.66
005380,현대차,2026-04-24,51,525000,526000,510000,513000,1228355,630146115000,-3.57
005380,현대차,2026-04-27,52,520000,533000,515000,524000,930365,487511260000,2.14
005380,현대차,2026-04-28,53,533000,574000,525000,555000,2585417,1434906435000,5.92
005380,현대차,2026-04-29,54,565000,565000,546000,556000,971755,540295780000,0.18
005380,현대차,2026-04-30,55,556000,560000,531000,531000,1150241,610777971000,-4.5
005380,현대차,2026-05-04,56,545000,547000,532000,539000,854165,460394935000,1.51
005380,현대차,2026-05-06,57,545000,564000,541000,550000,1690524,929788200000,2.04
005380,현대차,2026-05-07,58,579000,596000,558000,572000,2082177,1191005244000,4.0
005380,현대차,2026-05-08,59,590000,647000,581000,613000,5020568,3077608184000,7.17
005380,현대차,2026-05-11,60,631000,654000,610000,646000,2569392,1659827232000,5.38
005380,현대차,2026-05-12,61,673000,702500,606000,646000,4856178,3137090988000,0.0
005380,현대차,2026-05-13,62,642000,710000,642000,710000,4051665,2876682150000,9.91
005380,현대차,2026-05-14,63,724000,730000,692000,712000,2399620,1708529440000,0.28
005380,현대차,2026-05-15,64,725000,774500,678000,700000,4332789,3032952300000,-1.69
005380,현대차,2026-05-18,65,688000,697000,638000,663000,2218142,1470628146000,-5.29
005380,현대차,2026-05-19,66,661000,661000,596000,604000,2679164,1618215056000,-8.9
005380,현대차,2026-05-20,67,601000,605000,570000,592000,1954219,1156897648000,-1.99
005380,현대차,2026-05-21,68,614000,672000,607000,666000,1932919,1287324054000,12.5
005380,현대차,2026-05-22,69,666000,667000,642000,655000,997831,653579305000,-1.65
005380,현대차,2026-05-26,70,679000,694000,667000,689000,1364781,940334109000,5.19
005380,현대차,2026-05-27,71,691000,693000,666000,681000,1879670,1280055270000,-1.16
005380,현대차,2026-05-28,72,709000,714000,651000,677000,2192520,1484336040000,-0.59
005380,현대차,2026-05-29,73,704000,739000,701000,723000,3095790,2238256170000,6.79
005380,현대차,2026-06-01,74,736000,783000,727000,750000,2720257,2040192750000,3.73
005380,현대차,2026-06-02,75,770000,772000,697000,729000,2316547,1688762763000,-2.8
005380,현대차,2026-06-04,76,708000,727000,692000,700000,1062671,743869700000,-3.98
005380,현대차,2026-06-05,77,691000,715000,650000,700000,1525982,1068187400000,0.0
005380,현대차,2026-06-08,78,621000,664000,620000,639000,1331906,851087934000,-8.71
005380,현대차,2026-06-09,79,660000,667000,620000,639000,1610713,1029245607000,0.0
005380,현대차,2026-06-10,80,637000,653000,583000,602000,1682688,1012978176000,-5.79
005380,현대차,2026-06-11,81,570000,598000,561000,597000,1412678,843368766000,-0.83
005380,현대차,2026-06-12,82,635000,644000,604000,607000,1501032,911126424000,1.68
005380,현대차,2026-06-15,83,638000,659000,633000,647000,1099804,711573188000,6.59
005380,현대차,2026-06-16,84,648000,654000,627000,640000,1286352,823265280000,-1.08
005380,현대차,2026-06-17,85,633000,633000,613000,618000,891522,550960596000,-3.44
005380,현대차,2026-06-18,86,619000,620000,600000,601000,928129,557805529000,-2.75
005380,현대차,2026-06-19,87,606000,631000,590000,613000,1831967,1122995771000,2.0
005380,현대차,2026-06-22,88,599000,600000,581000,581000,962320,559107920000,-5.22
005380,현대차,2026-06-23,89,582000,583000,508000,511000,1868817,954965487000,-12.05
005380,현대차,2026-06-24,90,513000,522000,493500,509000,1238769,630533421000,-0.39
005380,현대차,2026-06-25,91,520000,524000,501000,503000,1084499,545502997000,-1.18
005380,현대차,2026-06-26,92,496500,502000,460500,480500,1567612,753237566000,-4.47
005380,현대차,2026-06-29,93,480000,504000,463000,497000,1190842,591848474000,3.43
005380,현대차,2026-06-30,94,505000,506000,485250,495000,786003,389071485000,-0.4
005380,현대차,2026-07-01,95,502000,514000,474500,487500,848321,413556487500,-1.52
005380,현대차,2026-07-02,96,474000,501000,457000,482000,1252976,603934432000,-1.13
005380,현대차,2026-07-03,97,477000,493500,458000,492000,968532,476517744000,2.07
005380,현대차,2026-07-06,98,492500,513000,485000,502000,793947,398561394000,2.03
005380,현대차,2026-07-07,99,494000,495500,460500,479500,949321,455199419500,-4.48
005380,현대차,2026-07-08,100,469000,484500,453500,462500,917535,424359937500,-3.55
005380,현대차,2026-07-09,101,460000,463500,433500,445500,1131600,504127800000,-3.68
005380,현대차,2026-07-10,102,448000,468000,447500,457500,654103,299252122500,2.69
005380,현대차,2026-07-13,103,456500,482000,440500,444000,874265,388173660000,-2.95
005380,현대차,2026-07-14,104,433500,434000,403250,424500,1300166,551920467000,-4.39
005380,현대차,2026-07-15,105,433000,439500,424000,434000,941250,408502500000,2.24
005380,현대차,2026-07-16,106,423000,431000,412000,425000,791287,336296975000,-2.07
005380,현대차,2026-07-20,107,408000,410000,394500,399000,904770,361003230000,-6.12
005380,현대차,2026-07-21,108,393000,404000,381000,399000,1118030,446093970000,0.0
005380,현대차,2026-07-22,109,413500,433000,411500,418000,877549,366815482000,4.76
005380,현대차,2026-07-23,110,419500,433000,416500,432000,717603,310004496000,3.35
005380,현대차,2026-07-24,111,418500,418500,390000,401000,896066,359322466000,-7.18
005380,현대차,2026-07-27,112,410000,411000,393500,403000,563634,227144502000,0.5
005380,현대차,2026-07-28,113,386500,390500,359000,364000,898415,327023060000,-9.68
005380,현대차,2026-07-29,114,369500,382000,338500,353500,1566493,553755275500,-2.88
005380,현대차,2026-07-30,115,346000,369000,343500,351000,961582,337515282000,-0.71
005380,현대차,2026-07-31,116,370000,391500,366000,388000,1085656,421234528000,10.54
005380,현대차,2026-08-03,117,383000,401500,376000,393000,826843,324949299000,1.29
005380,현대차,2026-08-04,118,395500,396500,376000,392500,680354,267038945000,-0.13
005380,현대차,2026-08-05,119,401500,411000,400500,404500,545657,220718256500,3.06
005380,현대차,2026-08-06,120,401000,415000,390000,400000,527513,211005200000,-1.11
005380,현대차,2026-08-07,121,401000,406000,387000,395500,415672,164398276000,-1.12
005380,현대차,2026-08-10,122,396000,410500,392500,408000,458584,187102272000,3.16
005380,현대차,2026-08-11,123,406000,411000,400500,403000,327064,131806792000,-1.23
005380,현대차,2026-08-12,124,403000,413000,400500,409500,411565,168535867500,1.61
005380,현대차,2026-08-13,125,419500,431500,415000,418500,590756,247231386000,2.2
005380,현대차,2026-08-14,126,424000,456000,421500,453000,1203960,545393880000,8.24
005490,POSCO홀딩스,2026-02-09,1,369500,370000,359500,363500,449546,163409971000,0.0
005490,POSCO홀딩스,2026-02-10,2,365000,375000,363000,371000,567078,210385938000,2.06
005490,POSCO홀딩스,2026-02-11,3,371000,373000,365000,372000,399686,148683192000,0.27
005490,POSCO홀딩스,2026-02-12,4,377000,396000,374500,383000,1513690,579743270000,2.96
005490,POSCO홀딩스,2026-02-13,5,379000,385000,375000,375500,497388,186769194000,-1.96
005490,POSCO홀딩스,2026-02-19,6,385500,393500,383000,389000,444013,172721057000,3.6
005490,POSCO홀딩스,2026-02-20,7,392500,398500,387000,394000,461741,181925954000,1.29
005490,POSCO홀딩스,2026-02-23,8,400500,400500,386000,388000,477046,185093848000,-1.52
005490,POSCO홀딩스,2026-02-24,9,390500,402500,388000,399500,557616,222767592000,2.96
005490,POSCO홀딩스,2026-02-25,10,401000,410500,395000,406500,558243,226925779500,1.75
005490,POSCO홀딩스,2026-02-26,11,417500,423000,402500,407500,740144,301608680000,0.25
005490,POSCO홀딩스,2026-02-27,12,401000,427500,398500,413000,819645,338513385000,1.35
005490,POSCO홀딩스,2026-03-03,13,403000,404000,373000,374500,842427,315488911500,-9.32
005490,POSCO홀딩스,2026-03-04,14,356500,362500,318000,321500,1237021,397702251500,-14.15
005490,POSCO홀딩스,2026-03-05,15,350500,355000,340500,346500,684573,237204544500,7.78
005490,POSCO홀딩스,2026-03-06,16,340000,357500,337500,353500,513149,181398171500,2.02
005490,POSCO홀딩스,2026-03-09,17,331500,338500,324500,336000,461460,155050560000,-4.95
005490,POSCO홀딩스,2026-03-10,18,351500,351500,337000,343500,367031,126075148500,2.23
005490,POSCO홀딩스,2026-03-11,19,349500,355000,342000,345000,302616,104402520000,0.44
005490,POSCO홀딩스,2026-03-12,20,342000,351000,342000,347500,270855,94122112500,0.72
005490,POSCO홀딩스,2026-03-13,21,336500,343500,335000,337000,304728,102693336000,-3.02
005490,POSCO홀딩스,2026-03-16,22,337000,339500,332500,333500,237017,79045169500,-1.04
005490,POSCO홀딩스,2026-03-17,23,341000,346500,340500,342500,201085,68871612500,2.7
005490,POSCO홀딩스,2026-03-18,24,348500,352750,346000,349500,242341,84698179500,2.04
005490,POSCO홀딩스,2026-03-19,25,339500,342000,336500,338000,339117,114621546000,-3.29
005490,POSCO홀딩스,2026-03-20,26,341000,343500,338500,343500,462448,158850888000,1.63
005490,POSCO홀딩스,2026-03-23,27,333000,340000,325000,325000,445916,144922700000,-5.39
005490,POSCO홀딩스,2026-03-24,28,336500,339500,328500,339500,296420,100634590000,4.46
005490,POSCO홀딩스,2026-03-25,29,343500,345000,338500,342000,252184,86246928000,0.74
005490,POSCO홀딩스,2026-03-26,30,345000,351000,340500,342500,258690,88601325000,0.15
005490,POSCO홀딩스,2026-03-27,31,335500,343000,327000,343000,276285,94765755000,0.15
005490,POSCO홀딩스,2026-03-30,32,330000,344500,329000,343000,295337,101300591000,0.0
005490,POSCO홀딩스,2026-03-31,33,342000,343000,332000,332500,390060,129694950000,-3.06
005490,POSCO홀딩스,2026-04-01,34,344500,348000,339000,346000,357348,123642408000,4.06
005490,POSCO홀딩스,2026-04-02,35,350000,362000,337000,341000,585197,199552177000,-1.45
005490,POSCO홀딩스,2026-04-03,36,349500,362000,346750,347500,351485,122141037500,1.91
005490,POSCO홀딩스,2026-04-06,37,349500,355000,346500,349000,262261,91529089000,0.43
005490,POSCO홀딩스,2026-04-07,38,347000,354500,343000,345500,272984,94315972000,-1.0
005490,POSCO홀딩스,2026-04-08,39,358000,363500,351000,362500,454015,164580437500,4.92
005490,POSCO홀딩스,2026-04-09,40,360000,370000,357500,367000,474808,174254536000,1.24
005490,POSCO홀딩스,2026-04-10,41,370500,373500,365000,369000,246719,91039311000,0.54
005490,POSCO홀딩스,2026-04-13,42,362500,365000,355500,360000,284457,102404520000,-2.44
005490,POSCO홀딩스,2026-04-14,43,367000,367500,361000,361500,213490,77176635000,0.42
005490,POSCO홀딩스,2026-04-15,44,367000,372000,365500,368000,276230,101652640000,1.8
005490,POSCO홀딩스,2026-04-16,45,373000,374500,368500,370000,204289,75586930000,0.54
005490,POSCO홀딩스,2026-04-17,46,377000,386000,375500,385000,608037,234094245000,4.05
005490,POSCO홀딩스,2026-04-20,47,386500,394500,385000,389500,354709,138159155500,1.17
005490,POSCO홀딩스,2026-04-21,48,398000,422000,396000,421500,1024414,431790501000,8.22
005490,POSCO홀딩스,2026-04-22,49,420000,423000,410500,418500,561752,235093212000,-0.71
005490,POSCO홀딩스,2026-04-23,50,421000,421000,401500,410500,558290,229178045000,-1.91
005490,POSCO홀딩스,2026-04-24,51,411500,416500,407000,415000,292559,121411985000,1.1
005490,POSCO홀딩스,2026-04-27,52,422000,422000,411000,417500,309760,129324800000,0.6
005490,POSCO홀딩스,2026-04-28,53,442000,482000,441000,466500,1962453,915484324500,11.74
005490,POSCO홀딩스,2026-04-29,54,477000,478000,462500,469000,599954,281378426000,0.54
005490,POSCO홀딩스,2026-04-30,55,471500,471500,455500,462000,568870,262817940000,-1.49
005490,POSCO홀딩스,2026-05-04,56,486000,512000,485000,502000,1080353,542337206000,8.66
005490,POSCO홀딩스,2026-05-06,57,518000,519000,497500,506000,602095,304660070000,0.8
005490,POSCO홀딩스,2026-05-07,58,515000,542000,505000,535000,947299,506804965000,5.73
005490,POSCO홀딩스,2026-05-08,59,528000,529000,512000,525000,462890,243017250000,-1.87
005490,POSCO홀딩스,2026-05-11,60,521000,525000,504000,512000,501971,257009152000,-2.48
005490,POSCO홀딩스,2026-05-12,61,511000,516000,465500,479000,1308740,626886460000,-6.45
005490,POSCO홀딩스,2026-05-13,62,475000,487000,464000,478500,657568,314646288000,-0.1
005490,POSCO홀딩스,2026-05-14,63,494500,495000,475000,486500,600393,292091194500,1.67
005490,POSCO홀딩스,2026-05-15,64,487500,505000,457000,467500,713593,333604727500,-3.91
005490,POSCO홀딩스,2026-05-18,65,460500,466000,435500,463000,503785,233252455000,-0.96
005490,POSCO홀딩스,2026-05-19,66,467000,467500,430000,440500,578283,254733661500,-4.86
005490,POSCO홀딩스,2026-05-20,67,440500,444000,410000,417000,735059,306519603000,-5.33
005490,POSCO홀딩스,2026-05-21,68,434000,443500,427000,443500,402848,178663088000,6.35
005490,POSCO홀딩스,2026-05-22,69,453500,458500,444000,447500,369792,165481920000,0.9
005490,POSCO홀딩스,2026-05-26,70,457500,459500,440000,442000,359994,159117348000,-1.23
005490,POSCO홀딩스,2026-05-27,71,440000,442000,422500,423500,512005,216834117500,-4.19
005490,POSCO홀딩스,2026-05-28,72,433500,435500,405000,420000,593623,249321660000,-0.83
005490,POSCO홀딩스,2026-05-29,73,424000,424000,407500,423500,775543,328442460500,0.83
005490,POSCO홀딩스,2026-06-01,74,418000,426000,412000,413000,530828,219231964000,-2.48
005490,POSCO홀딩스,2026-06-02,75,405500,416500,392500,399000,592760,236511240000,-3.39
005490,POSCO홀딩스,2026-06-04,76,405000,412500,393000,402000,481991,193760382000,0.75
005490,POSCO홀딩스,2026-06-05,77,401500,405000,375000,390000,432637,168728430000,-2.99
005490,POSCO홀딩스,2026-06-08,78,361000,368000,356000,359000,411313,147661367000,-7.95
005490,POSCO홀딩스,2026-06-09,79,366000,370500,356000,364500,503818,183641661000,1.53
005490,POSCO홀딩스,2026-06-10,80,361500,372000,352000,363000,375475,136297425000,-0.41
005490,POSCO홀딩스,2026-06-11,81,350000,360000,342500,358000,418533,149834814000,-1.38
005490,POSCO홀딩스,2026-06-12,82,377500,389500,373500,377000,483611,182321347000,5.31
005490,POSCO홀딩스,2026-06-15,83,396000,398000,388000,395000,288778,114067310000,4.77
005490,POSCO홀딩스,2026-06-16,84,396500,396500,386500,390000,319132,124461480000,-1.27
005490,POSCO홀딩스,2026-06-17,85,396500,397000,382500,384500,308208,118505976000,-1.41
005490,POSCO홀딩스,2026-06-18,86,381000,381000,367000,367000,429197,157515299000,-4.55
005490,POSCO홀딩스,2026-06-19,87,366000,372000,350000,356500,537087,191471515500,-2.86
005490,POSCO홀딩스,2026-06-22,88,356000,356500,345500,346500,329691,114237931500,-2.81
005490,POSCO홀딩스,2026-06-23,89,345500,352000,320000,322000,568511,183060542000,-7.07
005490,POSCO홀딩스,2026-06-24,90,322000,334000,316500,331500,418516,138738054000,2.95
005490,POSCO홀딩스,2026-06-25,91,332000,334500,322000,323000,359066,115978318000,-2.56
005490,POSCO홀딩스,2026-06-26,92,316500,319500,296500,305000,555199,169335695000,-5.57
005490,POSCO홀딩스,2026-06-29,93,308000,334500,300000,333000,512476,170654508000,9.18
005490,POSCO홀딩스,2026-06-30,94,327500,328000,315500,317000,401319,127218123000,-4.8
005490,POSCO홀딩스,2026-07-01,95,325000,326000,309000,315000,264203,83223945000,-0.63
005490,POSCO홀딩스,2026-07-02,96,311000,325000,301500,317500,369482,117310535000,0.79
005490,POSCO홀딩스,2026-07-03,97,319000,321000,304500,320000,325126,104040320000,0.79
005490,POSCO홀딩스,2026-07-06,98,325000,326000,311000,321500,205753,66149589500,0.47
005490,POSCO홀딩스,2026-07-07,99,320500,321000,306500,315500,279795,88275322500,-1.87
005490,POSCO홀딩스,2026-07-08,100,311000,316000,301000,304000,289364,87966656000,-3.65
005490,POSCO홀딩스,2026-07-09,101,306000,310000,292000,297000,444238,131938686000,-2.3
005490,POSCO홀딩스,2026-07-10,102,304000,320500,304000,313500,298245,93499807500,5.56
005490,POSCO홀딩스,2026-07-13,103,313500,324000,306500,308000,337638,103992504000,-1.75
005490,POSCO홀딩스,2026-07-14,104,308500,311500,299000,303500,341126,103531741000,-1.46
005490,POSCO홀딩스,2026-07-15,105,309000,319500,309000,314500,313817,98695446500,3.62
005490,POSCO홀딩스,2026-07-16,106,312000,320000,305500,311500,287682,89612943000,-0.95
005490,POSCO홀딩스,2026-07-20,107,309000,310000,298500,302500,307990,93166975000,-2.89
005490,POSCO홀딩스,2026-07-21,108,298500,303000,293000,303000,254065,76981695000,0.17
005490,POSCO홀딩스,2026-07-22,109,307500,314000,301500,303000,254159,77010177000,0.0
005490,POSCO홀딩스,2026-07-23,110,303500,325000,303000,323500,326824,105727564000,6.77
005490,POSCO홀딩스,2026-07-24,111,316500,319500,308500,313000,257402,80566826000,-3.25
005490,POSCO홀딩스,2026-07-27,112,319000,322000,313500,316000,201640,63718240000,0.96
005490,POSCO홀딩스,2026-07-28,113,309000,310000,293000,299000,367586,109908214000,-5.38
005490,POSCO홀딩스,2026-07-29,114,300000,303500,275000,288500,467638,134913563000,-3.51
005490,POSCO홀딩스,2026-07-30,115,282000,305000,282000,300500,485070,145763535000,4.16
005490,POSCO홀딩스,2026-07-31,116,311500,317500,301000,312500,431276,134773750000,3.99
005490,POSCO홀딩스,2026-08-03,117,310000,311500,298000,303500,294993,89530375500,-2.88
005490,POSCO홀딩스,2026-08-04,118,305500,313000,303000,313000,276520,86550760000,3.13
005490,POSCO홀딩스,2026-08-05,119,317500,322500,315000,317000,230639,73112563000,1.28
005490,POSCO홀딩스,2026-08-06,120,315000,321500,311000,319000,249364,79547116000,0.63
005490,POSCO홀딩스,2026-08-07,121,327000,331000,318500,331000,322295,106679645000,3.76
005490,POSCO홀딩스,2026-08-10,122,330500,337000,323500,336000,272691,91624176000,1.51
005490,POSCO홀딩스,2026-08-11,123,332500,334000,324500,326500,222094,72513691000,-2.83
005490,POSCO홀딩스,2026-08-12,124,327000,329000,321000,325000,187542,60951150000,-0.46
005490,POSCO홀딩스,2026-08-13,125,326500,328500,320500,325500,450110,146510805000,0.15
005490,POSCO홀딩스,2026-08-14,126,326500,335000,326000,334000,322904,107849936000,2.61
005930,삼성전자,2026-02-09,1,168600,168700,165000,166400,25098971,4176468774400,0.0
005930,삼성전자,2026-02-10,2,167400,168100,165500,165800,19369566,3211474042800,-0.36
005930,삼성전자,2026-02-11,3,164000,168600,162000,167800,22760242,3819168607600,1.21
005930,삼성전자,2026-02-12,4,171200,179600,170100,178600,41296011,7375467564600,6.44
005930,삼성전자,2026-02-13,5,179500,184400,178900,181200,34454192,6243099590400,1.46
005930,삼성전자,2026-02-19,6,188000,190900,187100,190000,27049388,5139383720000,4.86
005930,삼성전자,2026-02-20,7,190000,190300,188600,190100,24213880,4603058588000,0.05
005930,삼성전자,2026-02-23,8,194400,197600,190500,193000,26364684,5088384012000,1.53
005930,삼성전자,2026-02-24,9,193000,200000,192000,200000,28060617,5612123400000,3.63
005930,삼성전자,2026-02-25,10,202500,206000,201000,203500,26987996,5492057186000,1.75
005930,삼성전자,2026-02-26,11,206500,219000,206000,218000,30095763,6560876334000,7.13
005930,삼성전자,2026-02-27,12,210000,223000,210000,216500,51774768,11209237272000,-0.69
005930,삼성전자,2026-03-03,13,209500,212500,195100,195100,54879010,10706894851000,-9.88
005930,삼성전자,2026-03-04,14,184200,195900,171900,172200,89427954,15399493678800,-11.74
005930,삼성전자,2026-03-05,15,195000,199700,188100,191600,53959129,10338569116400,11.27
005930,삼성전자,2026-03-06,16,186100,189700,181000,188200,29522650,5556162730000,-1.77
005930,삼성전자,2026-03-09,17,173500,175500,167300,173500,43066020,7471954470000,-7.81
005930,삼성전자,2026-03-10,18,187600,191500,184300,187900,33530170,6300318943000,8.3
005930,삼성전자,2026-03-11,19,193000,194800,187700,190000,24311356,4619157640000,1.12
005930,삼성전자,2026-03-12,20,186600,190000,185900,187900,20440753,3840817488700,-1.11
005930,삼성전자,2026-03-13,21,180000,186200,179900,183500,19566331,3590421738500,-2.34
005930,삼성전자,2026-03-16,22,184600,189000,183600,188700,19747901,3726428918700,2.83
005930,삼성전자,2026-03-17,23,198000,198000,193100,193900,20300082,3936185899800,2.76
005930,삼성전자,2026-03-18,24,200500,209000,199700,208500,25148481,5243458288500,7.53
005930,삼성전자,2026-03-19,25,199900,205000,199600,200500,19884483,3986838841500,-3.84
005930,삼성전자,2026-03-20,26,202000,202500,199000,199400,35279762,7034784542800,-0.55
005930,삼성전자,2026-03-23,27,190500,191200,186300,186300,30268173,5638960629900,-6.57
005930,삼성전자,2026-03-24,28,195500,196000,185500,189700,25458914,4829555985800,1.83
005930,삼성전자,2026-03-25,29,193700,196400,189000,189000,22995904,4346225856000,-0.37
005930,삼성전자,2026-03-26,30,185500,185900,178900,180100,32074131,5776550993100,-4.71
005930,삼성전자,2026-03-27,31,172100,181700,172000,179700,29138966,5236272190200,-0.22
005930,삼성전자,2026-03-30,32,171000,176650,170600,176300,22269147,3926050616100,-1.89
005930,삼성전자,2026-03-31,33,170000,174700,167000,167200,38659593,6463883949600,-5.16
005930,삼성전자,2026-04-01,34,179000,190800,178000,189600,32390251,6141191589600,13.4
005930,삼성전자,2026-04-02,35,192600,193600,175000,178400,38615231,6888957210400,-5.91
005930,삼성전자,2026-04-03,36,184200,187200,182700,186200,20194447,3760206031400,4.37
005930,삼성전자,2026-04-06,37,190900,194600,190100,193100,20635958,3984803489800,3.71
005930,삼성전자,2026-04-07,38,202000,202500,192400,196500,30848053,6061642414500,1.76
005930,삼성전자,2026-04-08,39,214000,214500,207500,210500,35890973,7555049816500,7.12
005930,삼성전자,2026-04-09,40,207000,207500,202000,204000,42320839,8633451156000,-3.09
005930,삼성전자,2026-04-10,41,208500,211000,205500,206000,18244459,3758358554000,0.98
005930,삼성전자,2026-04-13,42,198200,203000,198200,201000,19603415,3940286415000,-2.43
005930,삼성전자,2026-04-14,43,208000,210000,205500,206500,23672078,4888284107000,2.74
005930,삼성전자,2026-04-15,44,215000,215500,210000,211000,24092884,5083598524000,2.18
005930,삼성전자,2026-04-16,45,212000,218000,210500,217500,21499788,4676203890000,3.08
005930,삼성전자,2026-04-17,46,217000,218000,215000,216000,18079322,3905133552000,-0.69
005930,삼성전자,2026-04-20,47,214500,219000,213000,214500,17107741,3669610444500,-0.69
005930,삼성전자,2026-04-21,48,218000,220000,216000,219000,16752132,3668716908000,2.1
005930,삼성전자,2026-04-22,49,218500,222500,215500,217500,16823480,3659106900000,-0.68
005930,삼성전자,2026-04-23,50,223000,229500,216000,224500,34525485,7750971382500,3.22
005930,삼성전자,2026-04-24,51,224000,225000,216500,219500,19626666,4308053187000,-2.23
005930,삼성전자,2026-04-27,52,220000,226000,218500,224500,22870374,5134398963000,2.28
005930,삼성전자,2026-04-28,53,224000,226000,221500,222000,18444490,4094676780000,-1.11
005930,삼성전자,2026-04-29,54,219500,228000,218500,226000,20363756,4602208856000,1.8
005930,삼성전자,2026-04-30,55,229000,230000,220500,220500,22161975,4886715487500,-2.43
005930,삼성전자,2026-05-04,56,228000,232500,224000,232500,32920816,7654089720000,5.44
005930,삼성전자,2026-05-06,57,254000,270000,251000,266000,53097996,14124066936000,14.41
005930,삼성전자,2026-05-07,58,272000,277000,260000,271500,41404687,11241372520500,2.07
005930,삼성전자,2026-05-08,59,260000,270000,260000,268500,25875880,6947673780000,-1.1
005930,삼성전자,2026-05-11,60,284500,288500,280000,285500,36031094,10286877337000,6.33
005930,삼성전자,2026-05-12,61,290000,291500,266000,279000,41211149,11497910571000,-2.28
005930,삼성전자,2026-05-13,62,264000,285500,262000,284000,35540134,10093398056000,1.79
005930,삼성전자,2026-05-14,63,282000,299500,282000,296000,39314752,11637166592000,4.23
005930,삼성전자,2026-05-15,64,291000,296500,266000,270500,38075487,10299419233500,-8.61
005930,삼성전자,2026-05-18,65,269500,288500,262000,281000,33555214,9429015134000,3.88
005930,삼성전자,2026-05-19,66,274000,281500,266000,275500,30767569,8476465259500,-1.96
005930,삼성전자,2026-05-20,67,278000,282500,263500,276000,35662077,9842733252000,0.18
005930,삼성전자,2026-05-21,68,291000,299500,287000,299500,36168689,10832522355500,8.51
005930,삼성전자,2026-05-22,69,300000,300500,292000,292500,18395274,5380617645000,-2.34
005930,삼성전자,2026-05-26,70,298000,302000,297500,299000,23441371,7008969929000,2.22
005930,삼성전자,2026-05-27,71,321500,323000,306000,307000,33916688,10412423216000,2.68
005930,삼성전자,2026-05-28,72,305000,306500,287500,299500,30195334,9043502533000,-2.44
005930,삼성전자,2026-05-29,73,309500,319000,305500,317000,37241537,11805567229000,5.84
005930,삼성전자,2026-06-01,74,319500,354500,319500,349000,45052488,15723318312000,10.09
005930,삼성전자,2026-06-02,75,360500,370000,342000,360500,44720282,16121661661000,3.3
005930,삼성전자,2026-06-04,76,349000,366000,348000,351500,34771037,12222019505500,-2.5
005930,삼성전자,2026-06-05,77,333500,343000,325000,329000,33725012,11095528948000,-6.4
005930,삼성전자,2026-06-08,78,293000,315500,292500,295500,38929682,11503721031000,-10.18
005930,삼성전자,2026-06-09,79,310000,324000,300000,322000,30124249,9700008178000,8.97
005930,삼성전자,2026-06-10,80,311000,314500,295250,302500,27050362,8182734505000,-6.06
005930,삼성전자,2026-06-11,81,290500,306500,287500,299000,31420307,9394671793000,-1.16
005930,삼성전자,2026-06-12,82,326000,339000,320000,322500,31006148,9999482730000,7.86
005930,삼성전자,2026-06-15,83,342500,344500,334000,337000,21500067,7245522579000,4.5
005930,삼성전자,2026-06-16,84,343000,345500,332500,343000,17548685,6019198955000,1.78
005930,삼성전자,2026-06-17,85,332000,348000,331500,346500,18134051,6283448671500,1.02
005930,삼성전자,2026-06-18,86,345000,363000,344500,362500,32764450,11877113125000,4.62
005930,삼성전자,2026-06-19,87,372500,374500,346250,354000,43284898,15322853892000,-2.34
005930,삼성전자,2026-06-22,88,343000,363000,342000,353500,24330451,8600814428500,-0.14
005930,삼성전자,2026-06-23,89,347500,353000,310000,310000,41266630,12792655300000,-12.31
005930,삼성전자,2026-06-24,90,314000,341000,314000,340500,47809959,16279291039500,9.84
005930,삼성전자,2026-06-25,91,359500,362500,352000,358500,36157158,12962341143000,5.29
005930,삼성전자,2026-06-26,92,354000,356500,321500,339500,39735951,13490355364500,-5.3
005930,삼성전자,2026-06-29,93,331000,335500,316000,323000,35436521,11445996283000,-4.86
005930,삼성전자,2026-06-30,94,323500,343000,321000,334000,29237216,9765230144000,3.41
005930,삼성전자,2026-07-01,95,334500,339000,311500,314500,24968382,7852556139000,-5.84
005930,삼성전자,2026-07-02,96,290000,304000,281500,286000,38905074,11126851164000,-9.06
005930,삼성전자,2026-07-03,97,288500,313000,283500,309500,31520538,9755606511000,8.22
005930,삼성전자,2026-07-06,98,320000,325000,303000,318000,23872879,7591575522000,2.75
005930,삼성전자,2026-07-07,99,307000,310000,286000,296000,32421032,9596625472000,-6.92
005930,삼성전자,2026-07-08,100,285500,300000,273500,277500,33525758,9303397845000,-6.25
005930,삼성전자,2026-07-09,101,288500,291500,267500,278000,29703616,8257605248000,0.18
005930,삼성전자,2026-07-10,102,291000,298000,282000,285000,20088811,5725311135000,2.52
005930,삼성전자,2026-07-13,103,285000,292500,253000,254500,31882652,8114134934000,-10.7
005930,삼성전자,2026-07-14,104,255000,270000,247000,263000,40086496,10542748448000,3.34
005930,삼성전자,2026-07-15,105,283500,284500,273000,279500,24873414,6952119213000,6.27
005930,삼성전자,2026-07-16,106,264500,265500,252500,255000,27001478,6885376890000,-8.77
005930,삼성전자,2026-07-20,107,241000,257500,240000,244000,26804038,6540185272000,-4.31
005930,삼성전자,2026-07-21,108,247000,263500,243000,259000,20386896,5280206064000,6.15
005930,삼성전자,2026-07-22,109,276000,276000,260000,260500,22292003,5807066781500,0.58
005930,삼성전자,2026-07-23,110,269000,273000,263000,270000,16011816,4323190320000,3.65
005930,삼성전자,2026-07-24,111,266000,266500,247000,249500,26175580,6530807210000,-7.59
005930,삼성전자,2026-07-27,112,257000,258500,246000,254000,23296044,5917195176000,1.8
005930,삼성전자,2026-07-28,113,238500,240000,218500,220000,41639623,9160717060000,-13.39
005930,삼성전자,2026-07-29,114,226500,234000,189200,208500,65555523,13668326545500,-5.23
005930,삼성전자,2026-07-30,115,214000,226000,202000,207000,46694193,9665697951000,-0.72
005930,삼성전자,2026-07-31,116,257000,267000,243000,262500,58478873,15350704162500,26.81
005930,삼성전자,2026-08-03,117,248000,249500,238000,239500,27825493,6664205573500,-8.76
005930,삼성전자,2026-08-04,118,244500,244500,228000,240000,29433821,7064117040000,0.21
005930,삼성전자,2026-08-05,119,254000,254500,244000,246000,22577128,5553973488000,2.5
005930,삼성전자,2026-08-06,120,241500,246000,228000,230500,26101823,6016470201500,-6.3
005930,삼성전자,2026-08-07,121,235000,239500,229000,231000,20546010,4746128310000,0.22
005930,삼성전자,2026-08-10,122,236000,238500,228500,230000,16327805,3755395150000,-0.43
005930,삼성전자,2026-08-11,123,229500,243000,227500,239500,23310969,5582977075500,4.13
005930,삼성전자,2026-08-12,124,243500,260500,241000,255500,27102479,6924683384500,6.68
005930,삼성전자,2026-08-13,125,267500,271000,262500,268000,35530867,9522272356000,4.89
005930,삼성전자,2026-08-14,126,275000,275500,266000,274500,21668266,5947939017000,2.43
006400,삼성SDI,2026-02-09,1,381500,383000,375000,380000,477549,181468620000,0.0
006400,삼성SDI,2026-02-10,2,385500,391500,377000,381000,504263,192124203000,0.26
006400,삼성SDI,2026-02-11,3,381500,384500,373500,377000,367852,138680204000,-1.05
006400,삼성SDI,2026-02-12,4,381000,386000,373000,385500,639928,246692244000,2.25
006400,삼성SDI,2026-02-13,5,377500,383000,372500,374500,517002,193617249000,-2.85
006400,삼성SDI,2026-02-19,6,379500,409000,377000,408000,1085467,442870536000,8.95
006400,삼성SDI,2026-02-20,7,402000,420500,399000,402000,928083,373089366000,-1.47
006400,삼성SDI,2026-02-23,8,407500,407500,387000,391500,793713,310738639500,-2.61
006400,삼성SDI,2026-02-24,9,400500,427000,399500,421500,2584055,1089179182500,7.66
006400,삼성SDI,2026-02-25,10,422000,443500,415000,433000,1253279,542669807000,2.73
006400,삼성SDI,2026-02-26,11,439500,457000,436500,449000,1109842,498319058000,3.7
006400,삼성SDI,2026-02-27,12,439500,473500,438500,466000,1207350,562625100000,3.79
006400,삼성SDI,2026-03-03,13,453500,454500,408000,408000,1453235,592919880000,-12.45
006400,삼성SDI,2026-03-04,14,390000,406000,348500,351000,1895549,665337699000,-13.97
006400,삼성SDI,2026-03-05,15,391000,407000,385000,392500,1008865,395979512500,11.82
006400,삼성SDI,2026-03-06,16,388500,411500,385500,410500,796681,327037550500,4.59
006400,삼성SDI,2026-03-09,17,386500,394500,375500,389000,754807,293619923000,-5.24
006400,삼성SDI,2026-03-10,18,415000,415000,394000,403500,597355,241032742500,3.73
006400,삼성SDI,2026-03-11,19,413500,419000,394500,400000,531148,212459200000,-0.87
006400,삼성SDI,2026-03-12,20,396000,402000,394000,400000,616460,246584000000,0.0
006400,삼성SDI,2026-03-13,21,387000,397000,384500,388000,531172,206094736000,-3.0
006400,삼성SDI,2026-03-16,22,395000,398000,380000,383000,483616,185224928000,-1.29
006400,삼성SDI,2026-03-17,23,395000,397500,388000,389000,359325,139777425000,1.57
006400,삼성SDI,2026-03-18,24,397000,405000,393500,405000,384421,155690505000,4.11
006400,삼성SDI,2026-03-19,25,397000,414000,396000,402500,428488,172466420000,-0.62
006400,삼성SDI,2026-03-20,26,405000,407000,398000,400500,397940,159374970000,-0.5
006400,삼성SDI,2026-03-23,27,386500,387000,375500,376500,462325,174065362500,-5.99
006400,삼성SDI,2026-03-24,28,392000,403000,383500,397500,531265,211177837500,5.58
006400,삼성SDI,2026-03-25,29,401000,411500,399500,404000,416484,168259536000,1.64
006400,삼성SDI,2026-03-26,30,402000,413500,391000,396500,455967,180790915500,-1.86
006400,삼성SDI,2026-03-27,31,387500,409000,375000,405500,657568,266643824000,2.27
006400,삼성SDI,2026-03-30,32,389000,418000,388500,412500,735298,303310425000,1.73
006400,삼성SDI,2026-03-31,33,419500,429500,404000,408000,1110671,453153768000,-1.09
006400,삼성SDI,2026-04-01,34,425000,434000,413000,432000,779644,336806208000,5.88
006400,삼성SDI,2026-04-02,35,434500,460000,430000,443000,1822137,807206691000,2.55
006400,삼성SDI,2026-04-03,36,451500,460000,432500,438500,692098,303484973000,-1.02
006400,삼성SDI,2026-04-06,37,441000,470000,438000,453500,1125434,510384319000,3.42
006400,삼성SDI,2026-04-07,38,448500,468500,445000,456500,759485,346704902500,0.66
006400,삼성SDI,2026-04-08,39,471000,471500,454500,471500,821542,387357053000,3.29
006400,삼성SDI,2026-04-09,40,475000,493500,469000,480000,1003279,481573920000,1.8
006400,삼성SDI,2026-04-10,41,483000,490000,473000,481000,550626,264851106000,0.21
006400,삼성SDI,2026-04-13,42,476500,493000,472000,477500,482539,230412372500,-0.73
006400,삼성SDI,2026-04-14,43,485500,491000,463000,470500,798652,375765766000,-1.47
006400,삼성SDI,2026-04-15,44,473500,478500,466000,471000,632770,298034670000,0.11
006400,삼성SDI,2026-04-16,45,473000,480000,473000,478500,357441,171035518500,1.59
006400,삼성SDI,2026-04-17,46,480000,515000,473000,513000,1116580,572805540000,7.21
006400,삼성SDI,2026-04-20,47,515000,549000,509000,538000,827022,444937836000,4.87
006400,삼성SDI,2026-04-21,48,570000,648000,557000,645000,2533682,1634224890000,19.89
006400,삼성SDI,2026-04-22,49,686000,686000,647000,659000,1727542,1138450178000,2.17
006400,삼성SDI,2026-04-23,50,657000,669000,613000,630000,1204489,758828070000,-4.4
006400,삼성SDI,2026-04-24,51,648000,663000,631000,641000,786062,503865742000,1.75
006400,삼성SDI,2026-04-27,52,641000,648000,616000,635000,701082,445187070000,-0.94
006400,삼성SDI,2026-04-28,53,657000,690000,650000,680000,1454459,989032120000,7.09
006400,삼성SDI,2026-04-29,54,689000,714000,685000,712000,1268312,903038144000,4.71
006400,삼성SDI,2026-04-30,55,721000,723000,692000,695000,853824,593407680000,-2.39
006400,삼성SDI,2026-05-04,56,715000,717000,694000,705000,663957,468089685000,1.44
006400,삼성SDI,2026-05-06,57,707000,707000,677000,698000,813564,567867672000,-0.99
006400,삼성SDI,2026-05-07,58,698000,698000,677000,694000,604589,419584766000,-0.57
006400,삼성SDI,2026-05-08,59,683000,694000,671000,678000,460537,312244086000,-2.31
006400,삼성SDI,2026-05-11,60,670000,693000,651000,684000,850986,582074424000,0.88
006400,삼성SDI,2026-05-12,61,676000,680000,616000,629000,1349091,848578239000,-8.04
006400,삼성SDI,2026-05-13,62,612000,645000,600000,634000,788819,500111246000,0.79
006400,삼성SDI,2026-05-14,63,663000,665000,623000,636000,712838,453364968000,0.32
006400,삼성SDI,2026-05-15,64,629000,668000,603000,614000,1100294,675580516000,-3.46
006400,삼성SDI,2026-05-18,65,592000,616000,565000,613000,554836,340114468000,-0.16
006400,삼성SDI,2026-05-19,66,612000,621000,570000,587000,511340,300156580000,-4.24
006400,삼성SDI,2026-05-20,67,580000,584000,548000,570000,691785,394317450000,-2.9
006400,삼성SDI,2026-05-21,68,592000,616000,578000,616000,516899,318409784000,8.07
006400,삼성SDI,2026-05-22,69,640000,657000,627000,647000,652607,422236729000,5.03
006400,삼성SDI,2026-05-26,70,666000,667000,631000,642000,481983,309433086000,-0.77
006400,삼성SDI,2026-05-27,71,636000,674000,629000,630000,799920,503949600000,-1.87
006400,삼성SDI,2026-05-28,72,660000,691000,643000,676000,1585322,1071677672000,7.3
006400,삼성SDI,2026-05-29,73,680000,707000,657000,688000,2040080,1403575040000,1.78
006400,삼성SDI,2026-06-01,74,679000,679000,650000,652000,854997,557458044000,-5.23
006400,삼성SDI,2026-06-02,75,641000,670000,595000,602000,1018750,613287500000,-7.67
006400,삼성SDI,2026-06-04,76,604000,624000,586000,607000,466801,283348207000,0.83
006400,삼성SDI,2026-06-05,77,599000,601000,555000,568000,542951,308396168000,-6.43
006400,삼성SDI,2026-06-08,78,504000,525000,499500,503000,624954,314351862000,-11.44
006400,삼성SDI,2026-06-09,79,516000,527000,488000,515000,590666,304192990000,2.39
006400,삼성SDI,2026-06-10,80,509000,524000,482000,496500,514326,255362859000,-3.59
006400,삼성SDI,2026-06-11,81,476500,498500,466500,498500,498703,248603445500,0.4
006400,삼성SDI,2026-06-12,82,531000,570000,520000,539000,677491,365167649000,8.12
006400,삼성SDI,2026-06-15,83,566000,573000,542000,553000,531797,294083741000,2.6
006400,삼성SDI,2026-06-16,84,564000,565000,546000,549000,352915,193750335000,-0.72
006400,삼성SDI,2026-06-17,85,556000,556000,536000,550000,257980,141889000000,0.18
006400,삼성SDI,2026-06-18,86,543000,544000,520000,522000,391100,204154200000,-5.09
006400,삼성SDI,2026-06-19,87,527000,582000,527000,555000,964995,535572225000,6.32
006400,삼성SDI,2026-06-22,88,564000,570000,530000,533000,435643,232197719000,-3.96
006400,삼성SDI,2026-06-23,89,534000,547000,469000,469000,712421,334125449000,-12.01
006400,삼성SDI,2026-06-24,90,478500,495500,467500,489000,580727,283975503000,4.26
006400,삼성SDI,2026-06-25,91,501000,512000,479000,481000,430322,206984882000,-1.64
006400,삼성SDI,2026-06-26,92,480000,496000,442000,455000,580098,263944590000,-5.41
006400,삼성SDI,2026-06-29,93,468500,514000,459500,512000,737533,377616896000,12.53
006400,삼성SDI,2026-06-30,94,504000,511000,485000,487000,564868,275090716000,-4.88
006400,삼성SDI,2026-07-01,95,501000,504000,478000,491000,431232,211734912000,0.82
006400,삼성SDI,2026-07-02,96,486000,493500,459500,470500,451674,212512617000,-4.18
006400,삼성SDI,2026-07-03,97,471000,471000,429000,467500,498975,233270812500,-0.64
006400,삼성SDI,2026-07-06,98,472000,472500,437000,451500,412053,186041929500,-3.42
006400,삼성SDI,2026-07-07,99,451500,457000,431500,445000,486461,216475145000,-1.44
006400,삼성SDI,2026-07-08,100,433000,433000,403500,412000,549542,226411304000,-7.42
006400,삼성SDI,2026-07-09,101,414000,420500,390000,401500,595813,239218919500,-2.55
006400,삼성SDI,2026-07-10,102,406000,442500,406000,434000,481772,209089048000,8.09
006400,삼성SDI,2026-07-13,103,443000,481500,432000,440000,849490,373775600000,1.38
006400,삼성SDI,2026-07-14,104,454000,454000,406000,427500,713492,305017830000,-2.84
006400,삼성SDI,2026-07-15,105,441000,471500,439500,454000,607682,275887628000,6.2
006400,삼성SDI,2026-07-16,106,454000,461500,425000,434500,484964,210716858000,-4.3
006400,삼성SDI,2026-07-20,107,410500,425000,400000,401000,371550,148991550000,-7.71
006400,삼성SDI,2026-07-21,108,402000,418000,392500,416500,343674,143140221000,3.87
006400,삼성SDI,2026-07-22,109,429000,439500,418500,419000,321001,134499419000,0.6
006400,삼성SDI,2026-07-23,110,421500,467000,418500,467000,450675,210465225000,11.46
006400,삼성SDI,2026-07-24,111,454000,454500,426000,428000,385322,164917816000,-8.35
006400,삼성SDI,2026-07-27,112,440500,440500,421000,431000,211006,90943586000,0.7
006400,삼성SDI,2026-07-28,113,412000,416500,378500,382000,469337,179286734000,-11.37
006400,삼성SDI,2026-07-29,114,391500,397500,341500,364000,584630,212805320000,-4.71
006400,삼성SDI,2026-07-30,115,350000,389500,350000,358500,766793,274895290500,-1.51
006400,삼성SDI,2026-07-31,116,382000,399000,362000,397000,675830,268304510000,10.74
006400,삼성SDI,2026-08-03,117,392500,397000,377500,389500,318802,124173379000,-1.89
006400,삼성SDI,2026-08-04,118,399500,419500,391500,419500,401740,168529930000,7.7
006400,삼성SDI,2026-08-05,119,429500,435000,419000,429000,301925,129525825000,2.26
006400,삼성SDI,2026-08-06,120,423000,446500,418500,427000,346534,147970018000,-0.47
006400,삼성SDI,2026-08-07,121,444000,468000,439000,459000,689155,316322145000,7.49
006400,삼성SDI,2026-08-10,122,454000,484500,442500,481500,423653,203988919500,4.9
006400,삼성SDI,2026-08-11,123,475500,481000,457500,459500,354160,162736520000,-4.57
006400,삼성SDI,2026-08-12,124,468000,496500,459500,485500,479152,232628296000,5.66
006400,삼성SDI,2026-08-13,125,486500,493500,479000,487000,321399,156521313000,0.31
006400,삼성SDI,2026-08-14,126,491500,518000,485500,516000,463047,238932252000,5.95
012330,현대모비스,2026-02-09,1,437000,438000,428000,435000,244335,106285725000,0.0
012330,현대모비스,2026-02-10,2,446000,448000,434000,437000,219665,95993605000,0.46
012330,현대모비스,2026-02-11,3,438500,447500,434500,446000,312230,139254580000,2.06
012330,현대모비스,2026-02-12,4,443000,446000,436000,446000,314889,140440494000,0.0
012330,현대모비스,2026-02-13,5,440000,445500,434000,435000,274054,119213490000,-2.47
012330,현대모비스,2026-02-19,6,437000,445500,433000,440500,297467,131034213500,1.26
012330,현대모비스,2026-02-20,7,441000,446500,439500,443000,223694,99096442000,0.57
012330,현대모비스,2026-02-23,8,447000,455500,441500,445500,277449,123603529500,0.56
012330,현대모비스,2026-02-24,9,446000,453000,441500,453000,297925,134960025000,1.68
012330,현대모비스,2026-02-25,10,457000,475000,452500,469500,712489,334513585500,3.64
012330,현대모비스,2026-02-26,11,488000,531000,481500,529000,908063,480365327000,12.67
012330,현대모비스,2026-02-27,12,507000,531000,492500,517000,1070764,553584988000,-2.27
012330,현대모비스,2026-03-03,13,512000,520000,467000,468500,568767,266467339500,-9.38
012330,현대모비스,2026-03-04,14,437500,450500,387500,399000,595147,237463653000,-14.83
012330,현대모비스,2026-03-05,15,439500,441500,422500,432000,474443,204959376000,8.27
012330,현대모비스,2026-03-06,16,423500,451000,422500,444000,449828,199723632000,2.78
012330,현대모비스,2026-03-09,17,402500,412000,393500,409000,421928,172568552000,-7.88
012330,현대모비스,2026-03-10,18,431000,435000,414000,423000,277816,117516168000,3.42
012330,현대모비스,2026-03-11,19,443000,447000,419500,423000,326398,138066354000,0.0
012330,현대모비스,2026-03-12,20,415000,419500,403500,414500,389077,161272416500,-2.01
012330,현대모비스,2026-03-13,21,399000,412500,398500,404000,267460,108053840000,-2.53
012330,현대모비스,2026-03-16,22,400500,405000,392000,401000,177548,71196748000,-0.74
012330,현대모비스,2026-03-17,23,413500,420000,410500,412500,166536,68696100000,2.87
012330,현대모비스,2026-03-18,24,420500,431000,419000,430000,210557,90539510000,4.24
012330,현대모비스,2026-03-19,25,414000,419500,411000,413000,177528,73319064000,-3.95
012330,현대모비스,2026-03-20,26,414500,415000,400500,400500,357334,143112267000,-3.03
012330,현대모비스,2026-03-23,27,379500,387000,372000,381000,295324,112518444000,-4.87
012330,현대모비스,2026-03-24,28,397500,397500,382500,392500,236563,92850977500,3.02
012330,현대모비스,2026-03-25,29,400000,403000,395500,402000,226151,90912702000,2.42
012330,현대모비스,2026-03-26,30,402000,402000,393500,398500,198857,79244514500,-0.87
012330,현대모비스,2026-03-27,31,388000,411000,385500,408500,298310,121859635000,2.51
012330,현대모비스,2026-03-30,32,383500,400000,380000,398000,198668,79069864000,-2.57
012330,현대모비스,2026-03-31,33,387500,391500,376500,378000,334294,126363132000,-5.03
012330,현대모비스,2026-04-01,34,397000,410000,389500,409000,305094,124783446000,8.2
012330,현대모비스,2026-04-02,35,413500,414000,384000,389500,194342,75696209000,-4.77
012330,현대모비스,2026-04-03,36,395000,400500,385000,388500,163868,63662718000,-0.26
012330,현대모비스,2026-04-06,37,388500,395500,383500,388500,157756,61288206000,0.0
012330,현대모비스,2026-04-07,38,389000,391000,384000,390000,190610,74337900000,0.39
012330,현대모비스,2026-04-08,39,409000,411000,397000,407000,333379,135685253000,4.36
012330,현대모비스,2026-04-09,40,408000,414500,398500,401500,270996,108804894000,-1.35
012330,현대모비스,2026-04-10,41,406500,408000,398500,402500,255234,102731685000,0.25
012330,현대모비스,2026-04-13,42,391500,392500,386500,391500,222824,87235596000,-2.73
012330,현대모비스,2026-04-14,43,403000,410000,400500,405000,166665,67499325000,3.45
012330,현대모비스,2026-04-15,44,422000,424000,410500,415500,284353,118148671500,2.59
012330,현대모비스,2026-04-16,45,427000,432000,423500,427000,266959,113991493000,2.77
012330,현대모비스,2026-04-17,46,433500,433500,422500,427000,174151,74362477000,0.0
012330,현대모비스,2026-04-20,47,426500,428000,418500,420000,198799,83495580000,-1.64
012330,현대모비스,2026-04-21,48,427000,452000,424500,447000,330317,147651699000,6.43
012330,현대모비스,2026-04-22,49,447500,457500,443000,456500,300701,137270006500,2.13
012330,현대모비스,2026-04-23,50,472000,472000,441000,442500,407394,180271845000,-3.07
012330,현대모비스,2026-04-24,51,442500,443000,419000,422500,436579,184454627500,-4.52
012330,현대모비스,2026-04-27,52,426500,438500,422500,432500,326092,141034790000,2.37
012330,현대모비스,2026-04-28,53,439500,456500,434500,447000,316712,141570264000,3.35
012330,현대모비스,2026-04-29,54,447500,451500,437000,439000,229251,100641189000,-1.79
012330,현대모비스,2026-04-30,55,438500,443000,425000,425000,317288,134847400000,-3.19
012330,현대모비스,2026-05-04,56,431500,435000,428000,431500,211193,91129779500,1.53
012330,현대모비스,2026-05-06,57,431500,441500,427000,432500,379661,164203382500,0.23
012330,현대모비스,2026-05-07,58,449000,459000,436500,441500,376034,166019011000,2.08
012330,현대모비스,2026-05-08,59,458500,547000,447000,509000,1579602,804017418000,15.29
012330,현대모비스,2026-05-11,60,535000,588000,520000,553000,1085217,600125001000,8.64
012330,현대모비스,2026-05-12,61,595000,607000,525000,548000,1301498,713220904000,-0.9
012330,현대모비스,2026-05-13,62,564000,677000,555000,649000,1750264,1135921336000,18.43
012330,현대모비스,2026-05-14,63,680000,687000,644000,650000,1177293,765240450000,0.15
012330,현대모비스,2026-05-15,64,671000,685000,610000,629000,1010628,635685012000,-3.23
012330,현대모비스,2026-05-18,65,612000,620000,562000,571000,947011,540743281000,-9.22
012330,현대모비스,2026-05-19,66,572000,575000,509000,525000,908666,477049650000,-8.06
012330,현대모비스,2026-05-20,67,532000,561000,515000,535000,964849,516194215000,1.9
012330,현대모비스,2026-05-21,68,571000,680000,565000,670000,1334364,894023880000,25.23
012330,현대모비스,2026-05-22,69,654000,663000,619000,646000,991976,640816496000,-3.58
012330,현대모비스,2026-05-26,70,675000,688000,640000,664000,870942,578305488000,2.79
012330,현대모비스,2026-05-27,71,661000,712000,648000,688000,1501583,1033089104000,3.61
012330,현대모비스,2026-05-28,72,739000,749000,653000,686000,1660889,1139369854000,-0.29
012330,현대모비스,2026-05-29,73,712000,795000,706000,768000,1963281,1507799808000,11.95
012330,현대모비스,2026-06-01,74,770000,822000,742000,761000,1822258,1386738338000,-0.91
012330,현대모비스,2026-06-02,75,763000,775000,698000,759000,1212449,920248791000,-0.26
012330,현대모비스,2026-06-04,76,721000,778000,713000,748000,788548,589833904000,-1.45
012330,현대모비스,2026-06-05,77,708000,723000,665000,697000,935096,651761912000,-6.82
012330,현대모비스,2026-06-08,78,605000,642000,602000,612000,773309,473265108000,-12.2
012330,현대모비스,2026-06-09,79,630000,636000,560000,595000,1196958,712190010000,-2.78
012330,현대모비스,2026-06-10,80,586000,620000,545000,570000,748496,426642720000,-4.2
012330,현대모비스,2026-06-11,81,542000,583000,534000,576000,590857,340333632000,1.05
012330,현대모비스,2026-06-12,82,615000,648000,605000,607000,936211,568280077000,5.38
012330,현대모비스,2026-06-15,83,637000,647000,621000,640000,515561,329959040000,5.44
012330,현대모비스,2026-06-16,84,654000,686000,635000,660000,501325,330874500000,3.12
012330,현대모비스,2026-06-17,85,651000,651000,626000,631000,308035,194370085000,-4.39
012330,현대모비스,2026-06-18,86,624000,627000,599000,603000,421462,254141586000,-4.44
012330,현대모비스,2026-06-19,87,603000,659000,592000,612000,902462,552306744000,1.49
012330,현대모비스,2026-06-22,88,599000,600000,568000,569000,438282,249382458000,-7.03
012330,현대모비스,2026-06-23,89,572000,572000,509000,510000,655186,334144860000,-10.37
012330,현대모비스,2026-06-24,90,520000,522000,496000,509000,522174,265786566000,-0.2
012330,현대모비스,2026-06-25,91,529000,533000,508000,513000,406638,208605294000,0.79
012330,현대모비스,2026-06-26,92,501000,510000,463000,486500,494414,240532411000,-5.17
012330,현대모비스,2026-06-29,93,480000,508000,462500,502000,499087,250541674000,3.19
012330,현대모비스,2026-06-30,94,516000,516000,493500,500000,317486,158743000000,-0.4
012330,현대모비스,2026-07-01,95,507000,524000,480500,494000,306223,151274162000,-1.2
012330,현대모비스,2026-07-02,96,483500,509000,461000,492000,593458,291981336000,-0.4
012330,현대모비스,2026-07-03,97,487500,495500,466000,494000,376599,186039906000,0.41
012330,현대모비스,2026-07-06,98,495500,528000,489000,515000,392653,202216295000,4.25
012330,현대모비스,2026-07-07,99,506000,506000,473500,495000,436939,216284805000,-3.88
012330,현대모비스,2026-07-08,100,495000,518000,479000,488500,411202,200872177000,-1.31
012330,현대모비스,2026-07-09,101,486000,486500,455000,465000,384154,178631610000,-4.81
012330,현대모비스,2026-07-10,102,469500,500000,466500,488000,272847,133149336000,4.95
012330,현대모비스,2026-07-13,103,488000,522000,480500,487500,351687,171447412500,-0.1
012330,현대모비스,2026-07-14,104,490000,491000,452000,466000,420830,196106780000,-4.41
012330,현대모비스,2026-07-15,105,484000,495000,473000,489500,285432,139718964000,5.04
012330,현대모비스,2026-07-16,106,486000,496500,471500,482000,270493,130377626000,-1.53
012330,현대모비스,2026-07-20,107,477000,492000,467000,472500,316664,149623740000,-1.97
012330,현대모비스,2026-07-21,108,466000,485000,456000,479500,324162,155435679000,1.48
012330,현대모비스,2026-07-22,109,505000,541000,501000,513000,528881,271315953000,6.99
012330,현대모비스,2026-07-23,110,515000,525000,506000,524000,298791,156566484000,2.14
012330,현대모비스,2026-07-24,111,509000,510000,474000,482000,413538,199325316000,-8.02
012330,현대모비스,2026-07-27,112,490500,490500,454500,463500,299260,138707010000,-3.84
012330,현대모비스,2026-07-28,113,443500,447000,420500,440000,386385,170009400000,-5.07
012330,현대모비스,2026-07-29,114,450000,470000,426000,445000,526570,234323650000,1.14
012330,현대모비스,2026-07-30,115,445000,471500,435000,445000,379620,168930900000,0.0
012330,현대모비스,2026-07-31,116,470500,487000,451000,476000,357337,170092412000,6.97
012330,현대모비스,2026-08-03,117,472000,502000,467500,493500,328332,162031842000,3.68
012330,현대모비스,2026-08-04,118,490500,490500,463500,481500,270991,130482166500,-2.43
012330,현대모비스,2026-08-05,119,495000,510000,495000,503000,270626,136124878000,4.47
012330,현대모비스,2026-08-06,120,507000,524000,489000,508000,248416,126195328000,0.99
012330,현대모비스,2026-08-07,121,503000,509000,485500,496500,198850,98729025000,-2.26
012330,현대모비스,2026-08-10,122,492000,513000,485500,505000,192945,97437225000,1.71
012330,현대모비스,2026-08-11,123,501000,508000,492500,495500,157950,78264225000,-1.88
012330,현대모비스,2026-08-12,124,494500,511000,487000,498500,263323,131266515500,0.61
012330,현대모비스,2026-08-13,125,514000,530000,504000,511000,300816,153716976000,2.51
012330,현대모비스,2026-08-14,126,513000,547000,511000,547000,352348,192734356000,7.05
012450,한화에어로스페이스,2026-02-09,1,1246000,1260000,1173000,1193000,275049,328133457000,0.0
012450,한화에어로스페이스,2026-02-10,2,1220000,1249000,1112000,1146000,504416,578060736000,-3.94
012450,한화에어로스페이스,2026-02-11,3,1153000,1163000,1125000,1130000,248096,280348480000,-1.4
012450,한화에어로스페이스,2026-02-12,4,1139000,1140000,1120000,1131000,210941,238574271000,0.09
012450,한화에어로스페이스,2026-02-13,5,1119000,1128000,1097000,1105000,236946,261825330000,-2.3
012450,한화에어로스페이스,2026-02-19,6,1199000,1199000,1131000,1149000,190403,218773047000,3.98
012450,한화에어로스페이스,2026-02-20,7,1224000,1258000,1192000,1242000,443593,550942506000,8.09
012450,한화에어로스페이스,2026-02-23,8,1241000,1251000,1215000,1236000,196612,243012432000,-0.48
012450,한화에어로스페이스,2026-02-24,9,1243000,1246000,1201000,1241000,172787,214428667000,0.4
012450,한화에어로스페이스,2026-02-25,10,1240000,1241000,1205000,1212000,168169,203820828000,-2.34
012450,한화에어로스페이스,2026-02-26,11,1207000,1207000,1182000,1194000,184947,220826718000,-1.49
012450,한화에어로스페이스,2026-02-27,12,1227000,1241000,1195000,1195000,325910,389462450000,0.08
012450,한화에어로스페이스,2026-03-03,13,1330000,1492000,1304000,1432000,1295365,1854962680000,19.83
012450,한화에어로스페이스,2026-03-04,14,1526000,1655000,1243000,1323000,1191514,1576373022000,-7.61
012450,한화에어로스페이스,2026-03-05,15,1361000,1486000,1322000,1381000,785586,1084894266000,4.38
012450,한화에어로스페이스,2026-03-06,16,1414000,1540000,1368000,1481000,836707,1239163067000,7.24
012450,한화에어로스페이스,2026-03-09,17,1516000,1550000,1361000,1434000,564231,809107254000,-3.17
012450,한화에어로스페이스,2026-03-10,18,1365000,1484000,1353000,1455000,452836,658876380000,1.46
012450,한화에어로스페이스,2026-03-11,19,1459000,1496000,1390000,1410000,285240,402188400000,-3.09
012450,한화에어로스페이스,2026-03-12,20,1430000,1474000,1424000,1465000,261688,383372920000,3.9
012450,한화에어로스페이스,2026-03-13,21,1462000,1489000,1409000,1488000,324291,482545008000,1.57
012450,한화에어로스페이스,2026-03-16,22,1478000,1522000,1457000,1476000,180940,267067440000,-0.81
012450,한화에어로스페이스,2026-03-17,23,1470000,1470000,1388000,1396000,210274,293542504000,-5.42
012450,한화에어로스페이스,2026-03-18,24,1415000,1415000,1362000,1390000,161859,224984010000,-0.43
012450,한화에어로스페이스,2026-03-19,25,1416000,1417000,1361000,1375000,111115,152783125000,-1.08
012450,한화에어로스페이스,2026-03-20,26,1347000,1360000,1306000,1320000,270214,356682480000,-4.0
012450,한화에어로스페이스,2026-03-23,27,1300000,1314000,1232000,1278000,232870,297607860000,-3.18
012450,한화에어로스페이스,2026-03-24,28,1310000,1348000,1291000,1335000,154321,206018535000,4.46
012450,한화에어로스페이스,2026-03-25,29,1362000,1400000,1332000,1400000,212913,298078200000,4.87
012450,한화에어로스페이스,2026-03-26,30,1425000,1425000,1351000,1369000,158124,216471756000,-2.21
012450,한화에어로스페이스,2026-03-27,31,1349000,1349000,1287000,1335000,205178,273912630000,-2.48
012450,한화에어로스페이스,2026-03-30,32,1276000,1327000,1256000,1308000,160318,209695944000,-2.02
012450,한화에어로스페이스,2026-03-31,33,1263000,1289000,1217000,1249000,277570,346684930000,-4.51
012450,한화에어로스페이스,2026-04-01,34,1323000,1364000,1283000,1333000,243803,324989399000,6.73
012450,한화에어로스페이스,2026-04-02,35,1415000,1478000,1383000,1417000,437390,619781630000,6.3
012450,한화에어로스페이스,2026-04-03,36,1418000,1480000,1399000,1449000,193653,280603197000,2.26
012450,한화에어로스페이스,2026-04-06,37,1449000,1474000,1410000,1450000,128832,186806400000,0.07
012450,한화에어로스페이스,2026-04-07,38,1426000,1545000,1426000,1537000,273390,420200430000,6.0
012450,한화에어로스페이스,2026-04-08,39,1507000,1512000,1450000,1484000,287112,426074208000,-3.45
012450,한화에어로스페이스,2026-04-09,40,1485000,1495000,1423000,1451000,224072,325128472000,-2.22
012450,한화에어로스페이스,2026-04-10,41,1465000,1517000,1456000,1507000,190431,286979517000,3.86
012450,한화에어로스페이스,2026-04-13,42,1526000,1559000,1495000,1530000,259390,396866700000,1.53
012450,한화에어로스페이스,2026-04-14,43,1515000,1531000,1484000,1523000,168602,256780846000,-0.46
012450,한화에어로스페이스,2026-04-15,44,1514000,1542000,1501000,1509000,153464,231577176000,-0.92
012450,한화에어로스페이스,2026-04-16,45,1570000,1570000,1511000,1519000,121112,183969128000,0.66
012450,한화에어로스페이스,2026-04-17,46,1515000,1516000,1421000,1423000,272895,388329585000,-6.32
012450,한화에어로스페이스,2026-04-20,47,1447000,1450000,1419000,1425000,147969,210855825000,0.14
012450,한화에어로스페이스,2026-04-21,48,1427000,1434000,1390000,1391000,162137,225532567000,-2.39
012450,한화에어로스페이스,2026-04-22,49,1410000,1444000,1405000,1416000,159301,225570216000,1.8
012450,한화에어로스페이스,2026-04-23,50,1421000,1429000,1399000,1425000,177030,252267750000,0.64
012450,한화에어로스페이스,2026-04-24,51,1469000,1525000,1440000,1463000,272846,399173698000,2.67
012450,한화에어로스페이스,2026-04-27,52,1466000,1472000,1442000,1454000,114894,167055876000,-0.62
012450,한화에어로스페이스,2026-04-28,53,1449000,1450000,1395000,1395000,259276,361690020000,-4.06
012450,한화에어로스페이스,2026-04-29,54,1406000,1446000,1397000,1420000,110434,156816280000,1.79
012450,한화에어로스페이스,2026-04-30,55,1416000,1458000,1379000,1417000,236243,334756331000,-0.21
012450,한화에어로스페이스,2026-05-04,56,1440000,1482000,1436000,1465000,450389,659819885000,3.39
012450,한화에어로스페이스,2026-05-06,57,1473000,1473000,1405000,1433000,171436,245667788000,-2.18
012450,한화에어로스페이스,2026-05-07,58,1412000,1413000,1316000,1317000,314456,414138552000,-8.09
012450,한화에어로스페이스,2026-05-08,59,1335000,1338000,1275000,1307000,249051,325509657000,-0.76
012450,한화에어로스페이스,2026-05-11,60,1349000,1370000,1314000,1315000,251134,330241210000,0.61
012450,한화에어로스페이스,2026-05-12,61,1360000,1360000,1259000,1284000,234338,300889992000,-2.36
012450,한화에어로스페이스,2026-05-13,62,1308000,1317000,1254000,1286000,149714,192532204000,0.16
012450,한화에어로스페이스,2026-05-14,63,1302000,1323000,1273000,1306000,183172,239222632000,1.56
012450,한화에어로스페이스,2026-05-15,64,1300000,1304000,1210000,1216000,208586,253640576000,-6.89
012450,한화에어로스페이스,2026-05-18,65,1243000,1257000,1200000,1227000,174679,214331133000,0.9
012450,한화에어로스페이스,2026-05-19,66,1254000,1344000,1252000,1286000,358529,461068294000,4.81
012450,한화에어로스페이스,2026-05-20,67,1295000,1306000,1212000,1249000,220620,275554380000,-2.88
012450,한화에어로스페이스,2026-05-21,68,1261000,1296000,1242000,1248000,159803,199434144000,-0.08
012450,한화에어로스페이스,2026-05-22,69,1252000,1276000,1226000,1261000,224282,282819602000,1.04
012450,한화에어로스페이스,2026-05-26,70,1268000,1275000,1241000,1251000,155040,193955040000,-0.79
012450,한화에어로스페이스,2026-05-27,71,1262000,1304000,1242000,1244000,238820,297092080000,-0.56
012450,한화에어로스페이스,2026-05-28,72,1246000,1251000,1181000,1200000,201634,241960800000,-3.54
012450,한화에어로스페이스,2026-05-29,73,1210000,1233000,1161000,1173000,348297,408552381000,-2.25
012450,한화에어로스페이스,2026-06-01,74,1173000,1243000,1116000,1138000,338833,385591954000,-2.98
012450,한화에어로스페이스,2026-06-02,75,1111000,1115000,1044000,1070000,361504,386809280000,-5.98
012450,한화에어로스페이스,2026-06-04,76,1060000,1106000,1032000,1068000,351981,375915708000,-0.19
012450,한화에어로스페이스,2026-06-05,77,1060000,1069000,1021000,1049000,185271,194349279000,-1.78
012450,한화에어로스페이스,2026-06-08,78,955000,1018000,955000,1006000,223231,224570386000,-4.1
012450,한화에어로스페이스,2026-06-09,79,1058000,1060000,987000,1016000,201707,204934312000,0.99
012450,한화에어로스페이스,2026-06-10,80,1038000,1066000,1004000,1031000,199694,205884514000,1.48
012450,한화에어로스페이스,2026-06-11,81,1012000,1020000,965000,1014000,216006,219030084000,-1.65
012450,한화에어로스페이스,2026-06-12,82,1035000,1105000,1028000,1078000,233810,252047180000,6.31
012450,한화에어로스페이스,2026-06-15,83,1123000,1123000,1066000,1084000,164769,178609596000,0.56
012450,한화에어로스페이스,2026-06-16,84,1147000,1212000,1125000,1183000,369748,437411884000,9.13
012450,한화에어로스페이스,2026-06-17,85,1241000,1264000,1198000,1224000,290565,355651560000,3.47
012450,한화에어로스페이스,2026-06-18,86,1235000,1242000,1183000,1189000,255178,303406642000,-2.86
012450,한화에어로스페이스,2026-06-19,87,1189000,1198500,1095000,1122000,456658,512370276000,-5.63
012450,한화에어로스페이스,2026-06-22,88,1186000,1192000,1122000,1125000,145874,164108250000,0.27
012450,한화에어로스페이스,2026-06-23,89,1124000,1145000,1064000,1073000,198818,213331714000,-4.62
012450,한화에어로스페이스,2026-06-24,90,1063000,1101000,1032000,1094000,177303,193969482000,1.96
012450,한화에어로스페이스,2026-06-25,91,1105000,1112000,1053000,1069000,270632,289305608000,-2.29
012450,한화에어로스페이스,2026-06-26,92,1058000,1058000,984000,1011000,293385,296612235000,-5.43
012450,한화에어로스페이스,2026-06-29,93,1013000,1033000,990000,1020000,253150,258213000000,0.89
012450,한화에어로스페이스,2026-06-30,94,1016000,1029000,968000,995000,177757,176868215000,-2.45
012450,한화에어로스페이스,2026-07-01,95,1020000,1107000,1012000,1091000,191691,209134881000,9.65
012450,한화에어로스페이스,2026-07-02,96,1118000,1197000,1096000,1116000,355677,396935532000,2.29
012450,한화에어로스페이스,2026-07-03,97,1175000,1190000,1111000,1175000,259176,304531800000,5.29
012450,한화에어로스페이스,2026-07-06,98,1205000,1240000,1125000,1159000,140971,163385389000,-1.36
012450,한화에어로스페이스,2026-07-07,99,1141000,1142000,1050000,1122000,184231,206707182000,-3.19
012450,한화에어로스페이스,2026-07-08,100,1135000,1139000,1007000,1041000,175270,182456070000,-7.22
012450,한화에어로스페이스,2026-07-09,101,1035000,1057000,927000,953000,275214,262278942000,-8.45
012450,한화에어로스페이스,2026-07-10,102,949000,976000,920000,967000,292728,283067976000,1.47
012450,한화에어로스페이스,2026-07-13,103,991000,1008000,926000,936000,179138,167673168000,-3.21
012450,한화에어로스페이스,2026-07-14,104,941000,943000,862000,872000,267263,233053336000,-6.84
012450,한화에어로스페이스,2026-07-15,105,915000,956000,899000,929000,249391,231684239000,6.54
012450,한화에어로스페이스,2026-07-16,106,930000,970000,905000,943000,142859,134716037000,1.51
012450,한화에어로스페이스,2026-07-20,107,920000,929000,870000,875000,415673,363713875000,-7.21
012450,한화에어로스페이스,2026-07-21,108,879000,917000,856000,899000,173928,156361272000,2.74
012450,한화에어로스페이스,2026-07-22,109,909000,929000,891000,891000,201320,179376120000,-0.89
012450,한화에어로스페이스,2026-07-23,110,891000,961000,886000,958000,209791,200979778000,7.52
012450,한화에어로스페이스,2026-07-24,111,981000,1050000,965000,979000,243326,238216154000,2.19
012450,한화에어로스페이스,2026-07-27,112,985000,987000,875000,899000,173455,155936045000,-8.17
012450,한화에어로스페이스,2026-07-28,113,876000,900000,857000,875000,172897,151284875000,-2.67
012450,한화에어로스페이스,2026-07-29,114,862000,878000,783000,810000,292413,236854530000,-7.43
012450,한화에어로스페이스,2026-07-30,115,809000,918000,809000,865000,253854,219583710000,6.79
012450,한화에어로스페이스,2026-07-31,116,890000,943000,866000,917000,259060,237558020000,6.01
012450,한화에어로스페이스,2026-08-03,117,925000,936000,906000,919000,177064,162721816000,0.22
012450,한화에어로스페이스,2026-08-04,118,919000,1014000,905000,1004000,292632,293802528000,9.25
012450,한화에어로스페이스,2026-08-05,119,1006000,1031000,998000,1007000,92287,92933009000,0.3
012450,한화에어로스페이스,2026-08-06,120,1007000,1073000,1007000,1054000,271003,285637162000,4.67
012450,한화에어로스페이스,2026-08-07,121,1044000,1100000,1042000,1097000,162033,177750201000,4.08
012450,한화에어로스페이스,2026-08-10,122,1118000,1169000,1112000,1152000,237101,273140352000,5.01
012450,한화에어로스페이스,2026-08-11,123,1173000,1174000,1069000,1098000,158144,173642112000,-4.69
012450,한화에어로스페이스,2026-08-12,124,1116000,1191000,1083000,1156000,300729,347642724000,5.28
012450,한화에어로스페이스,2026-08-13,125,1167000,1213000,1164000,1185000,259007,306923295000,2.51
012450,한화에어로스페이스,2026-08-14,126,1163000,1178000,1130000,1160000,157318,182488880000,-2.11
028260,삼성물산,2026-02-09,1,310000,314500,302000,312500,576983,180307187500,0.0
028260,삼성물산,2026-02-10,2,320000,320000,310000,317000,336750,106749750000,1.44
028260,삼성물산,2026-02-11,3,319000,319000,312000,316500,331350,104872275000,-0.16
028260,삼성물산,2026-02-12,4,317000,334000,312000,334000,577338,192830892000,5.53
028260,삼성물산,2026-02-13,5,328500,333000,316000,318000,564408,179481744000,-4.79
028260,삼성물산,2026-02-19,6,330000,337500,315500,319500,507208,162052956000,0.47
028260,삼성물산,2026-02-20,7,321500,331500,319500,331000,512739,169716609000,3.6
028260,삼성물산,2026-02-23,8,340000,344500,327000,332000,426850,141714200000,0.3
028260,삼성물산,2026-02-24,9,335500,340000,328000,338000,418201,141351938000,1.81
028260,삼성물산,2026-02-25,10,342000,351000,336000,347000,550441,191003027000,2.66
028260,삼성물산,2026-02-26,11,347500,364000,347500,360000,626910,225687600000,3.75
028260,삼성물산,2026-02-27,12,352500,354500,345000,350500,677648,237515624000,-2.64
028260,삼성물산,2026-03-03,13,327500,340000,317000,317000,720785,228488845000,-9.56
028260,삼성물산,2026-03-04,14,300000,304000,264500,272000,993497,270231184000,-14.2
028260,삼성물산,2026-03-05,15,294500,299000,287000,293000,644944,188968592000,7.72
028260,삼성물산,2026-03-06,16,281000,290500,276500,283500,504797,143109949500,-3.24
028260,삼성물산,2026-03-09,17,258000,271000,253500,270500,423716,114615178000,-4.59
028260,삼성물산,2026-03-10,18,286000,286000,267000,273000,493211,134646603000,0.92
028260,삼성물산,2026-03-11,19,282000,295500,278000,283500,427416,121172436000,3.85
028260,삼성물산,2026-03-12,20,283000,287500,277000,280500,271092,76041306000,-1.06
028260,삼성물산,2026-03-13,21,269000,284000,266500,280500,310180,87005490000,0.0
028260,삼성물산,2026-03-16,22,279000,285000,273500,278500,315465,87857002500,-0.71
028260,삼성물산,2026-03-17,23,283500,288500,279000,279500,288986,80771587000,0.36
028260,삼성물산,2026-03-18,24,290500,304500,282000,299000,524546,156839254000,6.98
028260,삼성물산,2026-03-19,25,289000,296500,288500,291000,233252,67876332000,-2.68
028260,삼성물산,2026-03-20,26,297000,305000,294000,297500,626346,186337935000,2.23
028260,삼성물산,2026-03-23,27,286500,289000,271000,274500,387487,106365181500,-7.73
028260,삼성물산,2026-03-24,28,288000,289000,270500,281500,340184,95761796000,2.55
028260,삼성물산,2026-03-25,29,290000,291000,281500,289000,367791,106291599000,2.66
028260,삼성물산,2026-03-26,30,289000,294000,273000,278000,357316,99333848000,-3.81
028260,삼성물산,2026-03-27,31,267500,270500,258000,269000,683519,183866611000,-3.24
028260,삼성물산,2026-03-30,32,248500,262500,247500,259500,583936,151531392000,-3.53
028260,삼성물산,2026-03-31,33,251000,260000,245500,253500,616965,156400627500,-2.31
028260,삼성물산,2026-04-01,34,264000,275500,261500,273000,460078,125601294000,7.69
028260,삼성물산,2026-04-02,35,276000,281000,259000,264000,362147,95606808000,-3.3
028260,삼성물산,2026-04-03,36,268500,273000,262000,263000,259592,68272696000,-0.38
028260,삼성물산,2026-04-06,37,265500,276500,265500,269500,397245,107057527500,2.47
028260,삼성물산,2026-04-07,38,281000,286000,269500,274000,362411,99300614000,1.67
028260,삼성물산,2026-04-08,39,299500,312500,294500,309000,776090,239811810000,12.77
028260,삼성물산,2026-04-09,40,305000,311500,299000,300000,398764,119629200000,-2.91
028260,삼성물산,2026-04-10,41,310500,314000,302500,302500,256873,77704082500,0.83
028260,삼성물산,2026-04-13,42,293500,299000,286000,289500,395949,114627235500,-4.3
028260,삼성물산,2026-04-14,43,297000,302000,292000,296000,409310,121155760000,2.25
028260,삼성물산,2026-04-15,44,308500,312000,304000,307500,403705,124139287500,3.89
028260,삼성물산,2026-04-16,45,314500,317000,300000,306000,339116,103769496000,-0.49
028260,삼성물산,2026-04-17,46,305500,305500,300500,301500,190471,57427006500,-1.47
028260,삼성물산,2026-04-20,47,305000,305000,300000,300000,176568,52970400000,-0.5
028260,삼성물산,2026-04-21,48,302000,306000,300000,304000,311495,94694480000,1.33
028260,삼성물산,2026-04-22,49,301000,303000,298500,301000,393769,118524469000,-0.99
028260,삼성물산,2026-04-23,50,309000,323500,307500,320000,706220,225990400000,6.31
028260,삼성물산,2026-04-24,51,316500,319000,310000,311500,322709,100523853500,-2.66
028260,삼성물산,2026-04-27,52,313500,317500,310000,312000,231196,72133152000,0.16
028260,삼성물산,2026-04-28,53,313000,317000,308000,309500,361853,111993503500,-0.8
028260,삼성물산,2026-04-29,54,308500,309000,297000,308500,330509,101962026500,-0.32
028260,삼성물산,2026-04-30,55,305500,307500,296000,298500,455000,135817500000,-3.24
028260,삼성물산,2026-05-04,56,305500,321500,305000,320000,638338,204268160000,7.2
028260,삼성물산,2026-05-06,57,348000,386000,340000,375500,1745292,655357146000,17.34
028260,삼성물산,2026-05-07,58,392000,405500,367000,405000,1222878,495265590000,7.86
028260,삼성물산,2026-05-08,59,405000,432000,395000,422500,959566,405416635000,4.32
028260,삼성물산,2026-05-11,60,479000,480000,427000,452000,1337572,604582544000,6.98
028260,삼성물산,2026-05-12,61,459000,465000,418000,435000,965392,419945520000,-3.76
028260,삼성물산,2026-05-13,62,414500,437500,396000,428500,825293,353638050500,-1.49
028260,삼성물산,2026-05-14,63,426500,447000,422000,442000,826031,365105702000,3.15
028260,삼성물산,2026-05-15,64,435000,439500,389000,396500,712137,282362320500,-10.29
028260,삼성물산,2026-05-18,65,386500,405500,374000,399500,489373,195504513500,0.76
028260,삼성물산,2026-05-19,66,393500,393500,362500,380500,707368,269153524000,-4.76
028260,삼성물산,2026-05-20,67,382000,383500,359000,370500,600431,222459685500,-2.63
028260,삼성물산,2026-05-21,68,399000,424000,397000,418500,684854,286611399000,12.96
028260,삼성물산,2026-05-22,69,425000,432500,415000,420500,459012,193014546000,0.48
028260,삼성물산,2026-05-26,70,438500,447000,408500,411000,404582,166283202000,-2.26
028260,삼성물산,2026-05-27,71,439500,444000,406000,410500,539890,221624845000,-0.12
028260,삼성물산,2026-05-28,72,410500,413000,385500,399500,442727,176869436500,-2.68
028260,삼성물산,2026-05-29,73,424000,443000,410500,432500,1049549,453929942500,8.26
028260,삼성물산,2026-06-01,74,444000,493500,440000,455000,1005218,457374190000,5.2
028260,삼성물산,2026-06-02,75,464000,498000,441500,485500,866619,420743524500,6.7
028260,삼성물산,2026-06-04,76,502000,565000,485000,535000,1331923,712578805000,10.2
028260,삼성물산,2026-06-05,77,504000,504000,438000,460500,837033,385453696500,-13.93
028260,삼성물산,2026-06-08,78,400000,433000,400000,408500,542410,221574485000,-11.29
028260,삼성물산,2026-06-09,79,425000,438000,396500,429000,644486,276484494000,5.02
028260,삼성물산,2026-06-10,80,403000,414500,390000,407500,631317,257261677500,-5.01
028260,삼성물산,2026-06-11,81,389500,420500,384000,410000,615013,252155330000,0.61
028260,삼성물산,2026-06-12,82,440000,460500,421500,432000,732415,316403280000,5.37
028260,삼성물산,2026-06-15,83,467000,509000,461000,495000,667754,330538230000,14.58
028260,삼성물산,2026-06-16,84,499000,506000,482000,497000,480592,238854224000,0.4
028260,삼성물산,2026-06-17,85,490000,495500,470000,490000,370049,181324010000,-1.41
028260,삼성물산,2026-06-18,86,487000,494000,472000,485500,431143,209319926500,-0.92
028260,삼성물산,2026-06-19,87,519000,559000,480500,491500,1429057,702381515500,1.24
028260,삼성물산,2026-06-22,88,501000,541000,493500,520000,799994,415996880000,5.8
028260,삼성물산,2026-06-23,89,535000,552000,455000,455000,957626,435719830000,-12.5
028260,삼성물산,2026-06-24,90,477000,522000,470000,481500,1136130,547046595000,5.82
028260,삼성물산,2026-06-25,91,532000,563000,519000,519000,1056966,548565354000,7.79
028260,삼성물산,2026-06-26,92,524000,530000,475500,494500,775707,383587111500,-4.72
028260,삼성물산,2026-06-29,93,498000,501000,457500,471000,726570,342214470000,-4.75
028260,삼성물산,2026-06-30,94,472500,487500,444000,468500,734101,343926318500,-0.53
028260,삼성물산,2026-07-01,95,478500,479000,421000,434000,870586,377834324000,-7.36
028260,삼성물산,2026-07-02,96,409500,424500,397000,406500,748737,304361590500,-6.34
028260,삼성물산,2026-07-03,97,405500,435000,391500,433500,663171,287484628500,6.64
028260,삼성물산,2026-07-06,98,433500,460000,433500,449500,556041,249940429500,3.69
028260,삼성물산,2026-07-07,99,446500,450500,409500,424500,526019,223295065500,-5.56
028260,삼성물산,2026-07-08,100,412500,421500,385500,395000,606631,239619245000,-6.95
028260,삼성물산,2026-07-09,101,400500,414500,373500,378500,980567,371144609500,-4.18
028260,삼성물산,2026-07-10,102,392000,404000,384000,391500,501429,196309453500,3.43
028260,삼성물산,2026-07-13,103,388000,394000,357000,361000,572948,206834228000,-7.79
028260,삼성물산,2026-07-14,104,359500,369000,334000,354000,749944,265480176000,-1.94
028260,삼성물산,2026-07-15,105,373000,376500,360000,367000,704821,258669307000,3.67
028260,삼성물산,2026-07-16,106,352500,354000,336500,346000,652157,225646322000,-5.72
028260,삼성물산,2026-07-20,107,324500,338500,313500,317500,674120,214033100000,-8.24
028260,삼성물산,2026-07-21,108,316000,347500,307500,343500,654894,224956089000,8.19
028260,삼성물산,2026-07-22,109,359000,373000,351500,354000,546693,193529322000,3.06
028260,삼성물산,2026-07-23,110,354500,363000,351500,360000,352487,126895320000,1.69
028260,삼성물산,2026-07-24,111,352000,356000,334500,342000,334549,114415758000,-5.0
028260,삼성물산,2026-07-27,112,346000,350000,331000,339500,273529,92863095500,-0.73
028260,삼성물산,2026-07-28,113,320500,320500,295500,305000,639206,194957830000,-10.16
028260,삼성물산,2026-07-29,114,305500,312000,262000,285500,880125,251275687500,-6.39
028260,삼성물산,2026-07-30,115,287000,322000,283000,294000,854257,251151558000,2.98
028260,삼성물산,2026-07-31,116,335000,357500,321000,351500,1241836,436505354000,19.56
028260,삼성물산,2026-08-03,117,347000,347000,322000,329000,299582,98562478000,-6.4
028260,삼성물산,2026-08-04,118,331000,332500,312000,322500,485793,156668242500,-1.98
028260,삼성물산,2026-08-05,119,338500,350000,335000,347500,339053,117820917500,7.75
028260,삼성물산,2026-08-06,120,343000,349500,322000,334000,319718,106785812000,-3.88
028260,삼성물산,2026-08-07,121,333500,338500,323500,336500,268394,90314581000,0.75
028260,삼성물산,2026-08-10,122,342000,353500,326500,336000,244445,82133520000,-0.15
028260,삼성물산,2026-08-11,123,332500,349500,328000,344500,340367,117256431500,2.53
028260,삼성물산,2026-08-12,124,347500,361500,347000,357500,461264,164901880000,3.77
028260,삼성물산,2026-08-13,125,375500,380000,360000,365000,505842,184632330000,2.1
028260,삼성물산,2026-08-14,126,369500,375000,360500,369000,276255,101938095000,1.1
035420,NAVER,2026-02-09,1,253500,254500,248000,250000,1426634,356658500000,0.0
035420,NAVER,2026-02-10,2,254000,259000,252000,254000,1475536,374786144000,1.6
035420,NAVER,2026-02-11,3,258500,261000,255000,257500,1133876,291973070000,1.38
035420,NAVER,2026-02-12,4,261500,262000,255500,255500,1404228,358780254000,-0.78
035420,NAVER,2026-02-13,5,254000,257500,250000,252500,820046,207061615000,-1.17
035420,NAVER,2026-02-19,6,254500,255000,252000,253000,806208,203970624000,0.2
035420,NAVER,2026-02-20,7,254500,260000,254000,254500,948594,241417173000,0.59
035420,NAVER,2026-02-23,8,257500,262000,255000,255500,747019,190863354500,0.39
035420,NAVER,2026-02-24,9,256500,256500,254000,255000,652490,166384950000,-0.2
035420,NAVER,2026-02-25,10,255500,256000,251000,253000,937503,237188259000,-0.78
035420,NAVER,2026-02-26,11,258500,267000,258000,260500,1890166,492388243000,2.96
035420,NAVER,2026-02-27,12,261000,261500,254500,254500,1259511,320545549500,-2.3
035420,NAVER,2026-03-03,13,250500,252000,236000,236000,1507045,355662620000,-7.27
035420,NAVER,2026-03-04,14,225500,231000,207500,208000,2051989,426813712000,-11.86
035420,NAVER,2026-03-05,15,224000,227500,218000,220000,1671549,367740780000,5.77
035420,NAVER,2026-03-06,16,216000,225500,216000,222500,1042652,231990070000,1.14
035420,NAVER,2026-03-09,17,209500,218500,207000,218500,940462,205490947000,-1.8
035420,NAVER,2026-03-10,18,226500,227000,218000,220500,935756,206334198000,0.92
035420,NAVER,2026-03-11,19,227000,230000,221000,222000,757145,168086190000,0.68
035420,NAVER,2026-03-12,20,223500,225500,220500,222000,700973,155616006000,0.0
035420,NAVER,2026-03-13,21,216500,224000,216000,223000,706127,157466321000,0.45
035420,NAVER,2026-03-16,22,222000,222500,216000,218000,531797,115931746000,-2.24
035420,NAVER,2026-03-17,23,221500,227500,220500,224000,614390,137623360000,2.75
035420,NAVER,2026-03-18,24,228500,228500,225000,226500,687521,155723506500,1.12
035420,NAVER,2026-03-19,25,221500,222500,220000,220500,474188,104558454000,-2.65
035420,NAVER,2026-03-20,26,222000,224500,220000,221500,673277,149130855500,0.45
035420,NAVER,2026-03-23,27,215500,215500,208500,209000,692498,144732082000,-5.64
035420,NAVER,2026-03-24,28,215500,217000,209000,213500,468548,100034998000,2.15
035420,NAVER,2026-03-25,29,216500,218000,214000,215500,465850,100390675000,0.94
035420,NAVER,2026-03-26,30,216500,218500,211000,211500,414907,87752830500,-1.86
035420,NAVER,2026-03-27,31,208000,213000,206000,212500,439328,93357200000,0.47
035420,NAVER,2026-03-30,32,205500,208500,204000,207000,379513,78559191000,-2.59
035420,NAVER,2026-03-31,33,202500,205500,200000,201500,890860,179508290000,-2.66
035420,NAVER,2026-04-01,34,208500,212000,205500,210000,575814,120920940000,4.22
035420,NAVER,2026-04-02,35,211500,212000,194600,195800,1464904,286828203200,-6.76
035420,NAVER,2026-04-03,36,198900,200000,196600,197500,659137,130179557500,0.87
035420,NAVER,2026-04-06,37,197100,199400,194200,196800,717180,141141024000,-0.35
035420,NAVER,2026-04-07,38,197200,202000,195100,195900,668729,131004011100,-0.46
035420,NAVER,2026-04-08,39,202500,204000,200000,201500,699966,141043149000,2.86
035420,NAVER,2026-04-09,40,200000,206500,198600,201500,1258361,253559741500,0.0
035420,NAVER,2026-04-10,41,202500,205000,201000,202000,525142,106078684000,0.25
035420,NAVER,2026-04-13,42,197700,199500,196800,199000,514728,102430872000,-1.49
035420,NAVER,2026-04-14,43,203500,206500,201000,201500,623470,125629205000,1.26
035420,NAVER,2026-04-15,44,206000,214500,205000,211000,992297,209374667000,4.71
035420,NAVER,2026-04-16,45,219500,220000,216500,218500,752603,164443755500,3.55
035420,NAVER,2026-04-17,46,218500,219000,214500,216500,1121630,242832895000,-0.92
035420,NAVER,2026-04-20,47,216000,217500,212500,213500,457862,97753537000,-1.39
035420,NAVER,2026-04-21,48,215000,215500,211500,214000,545889,116820246000,0.23
035420,NAVER,2026-04-22,49,215000,216000,212500,214000,364648,78034672000,0.0
035420,NAVER,2026-04-23,50,220500,221000,213000,217500,800536,174116580000,1.64
035420,NAVER,2026-04-24,51,216000,216500,213000,214000,476096,101884544000,-1.61
035420,NAVER,2026-04-27,52,216000,218500,215000,215000,458738,98628670000,0.47
035420,NAVER,2026-04-28,53,215500,223500,215000,219500,758420,166473190000,2.09
035420,NAVER,2026-04-29,54,223000,227500,219000,220000,673160,148095200000,0.23
035420,NAVER,2026-04-30,55,223000,223000,210500,211000,1387029,292663119000,-4.09
035420,NAVER,2026-05-04,56,213500,213500,208000,209000,875803,183042827000,-0.95
035420,NAVER,2026-05-06,57,210500,213000,207500,208000,839509,174617872000,-0.48
035420,NAVER,2026-05-07,58,209000,214000,206000,207500,1014658,210541535000,-0.24
035420,NAVER,2026-05-08,59,210000,219000,209000,215000,1542717,331684155000,3.61
035420,NAVER,2026-05-11,60,215500,216000,210000,211500,780013,164972749500,-1.63
035420,NAVER,2026-05-12,61,213000,213000,200500,204000,991427,202251108000,-3.55
035420,NAVER,2026-05-13,62,206000,206500,198600,201500,904464,182249496000,-1.23
035420,NAVER,2026-05-14,63,204000,216000,203500,213000,1601442,341107146000,5.71
035420,NAVER,2026-05-15,64,215000,216500,201000,203500,997805,203053317500,-4.46
035420,NAVER,2026-05-18,65,203000,203500,196700,200000,890762,178152400000,-1.72
035420,NAVER,2026-05-19,66,200500,206250,195100,198100,950434,188280975400,-0.95
035420,NAVER,2026-05-20,67,198100,200000,190800,191500,992090,189985235000,-3.33
035420,NAVER,2026-05-21,68,194600,202000,194600,199500,869601,173485399500,4.18
035420,NAVER,2026-05-22,69,201500,207000,199300,203000,751620,152578860000,1.75
035420,NAVER,2026-05-26,70,205500,207000,199900,200000,580181,116036200000,-1.48
035420,NAVER,2026-05-27,71,199800,202000,197300,198800,912403,181385716400,-0.6
035420,NAVER,2026-05-28,72,202000,213000,195800,205000,1978430,405578150000,3.12
035420,NAVER,2026-05-29,73,211500,247500,211000,234000,7569228,1771199352000,14.15
035420,NAVER,2026-06-01,74,251000,304000,244500,271500,14505895,3938350492500,16.03
035420,NAVER,2026-06-02,75,285000,289500,244000,280500,9275907,2601891913500,3.31
035420,NAVER,2026-06-04,76,267500,275000,255000,267500,3324373,889269777500,-4.63
035420,NAVER,2026-06-05,77,254500,266500,245000,255500,3143220,803092710000,-4.49
035420,NAVER,2026-06-08,78,239500,294000,238500,279000,10148390,2831400810000,9.2
035420,NAVER,2026-06-09,79,286000,288500,243000,257000,6918079,1777946303000,-7.89
035420,NAVER,2026-06-10,80,245000,253500,222000,227000,3562725,808738575000,-11.67
035420,NAVER,2026-06-11,81,218500,228500,218500,224000,2218764,497003136000,-1.32
035420,NAVER,2026-06-12,82,232000,263000,231000,247000,5215884,1288323348000,10.27
035420,NAVER,2026-06-15,83,256000,257500,245500,248000,2001006,496249488000,0.4
035420,NAVER,2026-06-16,84,255000,265500,239500,242000,2480043,600170406000,-2.42
035420,NAVER,2026-06-17,85,239500,247500,234500,243500,1156913,281708315500,0.62
035420,NAVER,2026-06-18,86,241000,241000,234000,235000,1322859,310871865000,-3.49
035420,NAVER,2026-06-19,87,236500,245500,224000,229500,2109401,484107529500,-2.34
035420,NAVER,2026-06-22,88,230000,231000,222000,222000,866623,192390306000,-3.27
035420,NAVER,2026-06-23,89,219000,220000,201500,202500,1683494,340907535000,-8.78
035420,NAVER,2026-06-24,90,203000,204000,195900,199400,1455973,290321016200,-1.53
035420,NAVER,2026-06-25,91,202500,208000,199500,199700,1024898,204672130600,0.15
035420,NAVER,2026-06-26,92,200500,201000,190300,196400,1473699,289434483600,-1.65
035420,NAVER,2026-06-29,93,198300,206000,191700,204000,1093200,223012800000,3.87
035420,NAVER,2026-06-30,94,205000,205500,198700,199000,822445,163666555000,-2.45
035420,NAVER,2026-07-01,95,201000,203500,192700,197400,1015743,200507668200,-0.8
035420,NAVER,2026-07-02,96,195700,204500,191000,199900,1162498,232383350200,1.27
035420,NAVER,2026-07-03,97,199900,199900,191700,195800,1111357,217603700600,-2.05
035420,NAVER,2026-07-06,98,196600,201000,194000,196600,686793,135023503800,0.41
035420,NAVER,2026-07-07,99,194600,199400,193100,197200,1077802,212542554400,0.31
035420,NAVER,2026-07-08,100,196300,197800,189800,192700,1090495,210138386500,-2.28
035420,NAVER,2026-07-09,101,191500,193200,184000,184400,1207585,222678674000,-4.31
035420,NAVER,2026-07-10,102,186300,194600,186300,191300,725383,138765767900,3.74
035420,NAVER,2026-07-13,103,191100,195400,186400,188000,757031,142321828000,-1.73
035420,NAVER,2026-07-14,104,187300,189400,181100,183200,946614,173419684800,-2.55
035420,NAVER,2026-07-15,105,188000,191900,187500,189600,674208,127829836800,3.49
035420,NAVER,2026-07-16,106,188200,191300,185400,190000,737459,140117210000,0.21
035420,NAVER,2026-07-20,107,186700,188400,183300,185900,630080,117131872000,-2.16
035420,NAVER,2026-07-21,108,189000,196500,185700,193000,876385,169142305000,3.82
035420,NAVER,2026-07-22,109,197800,207000,196200,196900,896565,176533648500,2.02
035420,NAVER,2026-07-23,110,204500,220000,203000,220000,1907827,419721940000,11.73
035420,NAVER,2026-07-24,111,215000,216500,202000,207500,1048497,217563127500,-5.68
035420,NAVER,2026-07-27,112,228500,234500,219000,225000,2705093,608645925000,8.43
035420,NAVER,2026-07-28,113,218500,232000,208500,210000,2281917,479202570000,-6.67
035420,NAVER,2026-07-29,114,213500,213500,194600,201500,1978355,398638532500,-4.05
035420,NAVER,2026-07-30,115,198500,205500,194100,194700,1680475,327188482500,-3.37
035420,NAVER,2026-07-31,116,205000,212500,199600,208000,1766586,367449888000,6.83
035420,NAVER,2026-08-03,117,206500,208500,201500,207500,662318,137430985000,-0.24
035420,NAVER,2026-08-04,118,219000,231500,215000,226500,2278507,516081835500,9.16
035420,NAVER,2026-08-05,119,227000,234000,223500,229000,1090483,249720607000,1.1
035420,NAVER,2026-08-06,120,225000,230500,221500,226000,961609,217323634000,-1.31
035420,NAVER,2026-08-07,121,219500,222000,208000,210000,1755934,368746140000,-7.08
035420,NAVER,2026-08-10,122,210500,211500,206500,211500,733171,155065666500,0.71
035420,NAVER,2026-08-11,123,214000,215500,209500,214000,649296,138949344000,1.18
035420,NAVER,2026-08-12,124,215000,220500,214500,215500,833014,179514517000,0.7
035420,NAVER,2026-08-13,125,218500,230000,215500,226500,1834477,415509040500,5.1
035420,NAVER,2026-08-14,126,227000,232500,225000,228000,750112,171025536000,0.66
035720,카카오,2026-02-09,1,57400,58400,56800,57500,1879959,108097642500,0.0
035720,카카오,2026-02-10,2,58000,59100,57700,58300,1863119,108619837700,1.39
035720,카카오,2026-02-11,3,58700,59100,58200,58900,1673583,98574038700,1.03
035720,카카오,2026-02-12,4,61900,63400,58800,58800,7889505,463902894000,-0.17
035720,카카오,2026-02-13,5,59100,59300,57300,57400,3156946,181208700400,-2.38
035720,카카오,2026-02-19,6,58200,58300,57400,57600,1988817,114555859200,0.35
035720,카카오,2026-02-20,7,57800,58900,57700,57900,1950669,112943735100,0.52
035720,카카오,2026-02-23,8,58600,58600,57800,58100,1657993,96329393300,0.35
035720,카카오,2026-02-24,9,58100,58400,57700,57900,1803888,104445115200,-0.34
035720,카카오,2026-02-25,10,58000,58000,57200,57400,2078203,119288852200,-0.86
035720,카카오,2026-02-26,11,58700,62300,58600,61400,9617787,590532121800,6.97
035720,카카오,2026-02-27,12,61300,64500,60500,62300,7242478,451206379400,1.47
035720,카카오,2026-03-03,13,60900,61400,56100,56200,6691339,376053251800,-9.79
035720,카카오,2026-03-04,14,53200,54300,47050,47050,6214956,292413679800,-16.28
035720,카카오,2026-03-05,15,51200,52400,50300,51200,3724178,190677913600,8.82
035720,카카오,2026-03-06,16,50500,54400,50500,53600,2823937,151363023200,4.69
035720,카카오,2026-03-09,17,50100,50500,48800,50400,2045023,103069159200,-5.97
035720,카카오,2026-03-10,18,51800,52500,50900,51800,1860754,96387057200,2.78
035720,카카오,2026-03-11,19,52500,53200,50600,50900,1975641,100560126900,-1.74
035720,카카오,2026-03-12,20,50900,51200,50100,50400,1596311,80454074400,-0.98
035720,카카오,2026-03-13,21,49300,50900,49200,50600,1196401,60537890600,0.4
035720,카카오,2026-03-16,22,50900,51300,50000,50200,1248665,62682983000,-0.79
035720,카카오,2026-03-17,23,51100,52000,50800,51300,1021895,52423213500,2.19
035720,카카오,2026-03-18,24,52000,52000,50900,51500,1814895,93467092500,0.39
035720,카카오,2026-03-19,25,50300,50400,49900,50000,1164390,58219500000,-2.91
035720,카카오,2026-03-20,26,50100,50600,49900,50000,1270502,63525100000,0.0
035720,카카오,2026-03-23,27,48900,48950,46900,46900,2105077,98728111300,-6.2
035720,카카오,2026-03-24,28,48300,49050,47000,48200,1301472,62730950400,2.77
035720,카카오,2026-03-25,29,49650,50300,48850,49050,1232140,60436467000,1.76
035720,카카오,2026-03-26,30,49400,49850,48450,48650,1231315,59903474750,-0.82
035720,카카오,2026-03-27,31,47550,48800,46950,48800,1271649,62056471200,0.31
035720,카카오,2026-03-30,32,46850,47600,46450,47100,1053235,49607368500,-3.48
035720,카카오,2026-03-31,33,46400,46800,45500,45800,1706215,78144647000,-2.76
035720,카카오,2026-04-01,34,47200,48500,46600,48250,1269138,61235908500,5.35
035720,카카오,2026-04-02,35,48650,48900,45100,45400,1527044,69327797600,-5.91
035720,카카오,2026-04-03,36,46300,46450,45050,45200,1076743,48668783600,-0.44
035720,카카오,2026-04-06,37,45000,45450,44000,44850,1223887,54891331950,-0.77
035720,카카오,2026-04-07,38,45050,47250,45050,46400,1991813,92420123200,3.46
035720,카카오,2026-04-08,39,48400,48600,47250,47850,1615185,77286602250,3.12
035720,카카오,2026-04-09,40,47900,47950,47000,47300,1128075,53357947500,-1.15
035720,카카오,2026-04-10,41,47550,47900,47300,47700,691399,32979732300,0.85
035720,카카오,2026-04-13,42,46550,47400,46300,47000,829991,39009577000,-1.47
035720,카카오,2026-04-14,43,48050,48900,47950,48100,1049751,50493023100,2.34
035720,카카오,2026-04-15,44,49100,50300,48850,49600,1413990,70133904000,3.12
035720,카카오,2026-04-16,45,50600,51200,50200,50600,1290032,65275619200,2.02
035720,카카오,2026-04-17,46,50700,50700,49700,50000,890443,44522150000,-1.19
035720,카카오,2026-04-20,47,49850,49850,48850,48850,1125279,54969879150,-2.3
035720,카카오,2026-04-21,48,49150,49250,48500,48950,1316511,64443213450,0.2
035720,카카오,2026-04-22,49,48750,48900,48100,48450,1143499,55402526550,-1.02
035720,카카오,2026-04-23,50,49400,49600,47800,48400,1658254,80259493600,-0.1
035720,카카오,2026-04-24,51,48150,48200,47700,48050,1064052,51127698600,-0.72
035720,카카오,2026-04-27,52,48250,49150,48250,48450,1436742,69610149900,0.83
035720,카카오,2026-04-28,53,48500,49350,48350,48850,1274968,62282186800,0.83
035720,카카오,2026-04-29,54,48850,49000,48000,48400,1123582,54381368800,-0.92
035720,카카오,2026-04-30,55,48500,48550,47050,47300,1484406,70212403800,-2.27
035720,카카오,2026-05-04,56,47700,47850,46900,47100,1520475,71614372500,-0.42
035720,카카오,2026-05-06,57,47100,47900,46200,46300,2392733,110783537900,-1.7
035720,카카오,2026-05-07,58,47250,47500,45000,45250,3342858,151264324500,-2.27
035720,카카오,2026-05-08,59,45950,47400,45600,46000,3381737,155559902000,1.66
035720,카카오,2026-05-11,60,46350,46400,44600,44700,2628330,117486351000,-2.83
035720,카카오,2026-05-12,61,45000,45100,42650,43550,2900712,126326007600,-2.57
035720,카카오,2026-05-13,62,43950,44500,42300,42950,2337765,100407006750,-1.38
035720,카카오,2026-05-14,63,43000,45950,43000,45950,3640858,167297425100,6.98
035720,카카오,2026-05-15,64,46400,46400,43300,44000,2235112,98344928000,-4.24
035720,카카오,2026-05-18,65,43750,43750,41600,42450,1876958,79676867100,-3.52
035720,카카오,2026-05-19,66,42350,43350,40950,41600,1545131,64277449600,-2.0
035720,카카오,2026-05-20,67,41850,42400,39800,40150,2019858,81097298700,-3.49
035720,카카오,2026-05-21,68,40550,42100,40500,41800,1732522,72419419600,4.11
035720,카카오,2026-05-22,69,42000,42600,41450,41850,1413790,59167111500,0.12
035720,카카오,2026-05-26,70,42300,42350,40950,41450,1507976,62505605200,-0.96
035720,카카오,2026-05-27,71,41000,41350,40150,40500,1652378,66921309000,-2.29
035720,카카오,2026-05-28,72,40300,41300,38500,40100,2571868,103131906800,-0.99
035720,카카오,2026-05-29,73,40450,44000,40450,41950,7448112,312448298400,4.61
035720,카카오,2026-06-01,74,43000,48500,41300,42700,11795777,503679677900,1.79
035720,카카오,2026-06-02,75,43300,43300,41100,42550,3434966,146157803300,-0.35
035720,카카오,2026-06-04,76,41850,42750,41350,42000,2029148,85224216000,-1.29
035720,카카오,2026-06-05,77,41250,41500,39800,40250,1968515,79232728750,-4.17
035720,카카오,2026-06-08,78,37850,39800,37750,38600,2625755,101354143000,-4.1
035720,카카오,2026-06-09,79,38850,40100,38700,39500,2013579,79536370500,2.33
035720,카카오,2026-06-10,80,38700,39100,37400,38150,2127595,81167749250,-3.42
035720,카카오,2026-06-11,81,37150,39700,36500,39300,2013343,79124379900,3.01
035720,카카오,2026-06-12,82,41350,43000,40300,41500,4079208,169287132000,5.6
035720,카카오,2026-06-15,83,41600,41700,40550,40750,1908601,77775490750,-1.81
035720,카카오,2026-06-16,84,41100,41400,40450,40450,1427296,57734123200,-0.74
035720,카카오,2026-06-17,85,40500,41250,39600,40550,1138416,46162768800,0.25
035720,카카오,2026-06-18,86,40200,40200,39250,39300,1196377,47017616100,-3.08
035720,카카오,2026-06-19,87,39300,39700,37500,37750,2414692,91154623000,-3.94
035720,카카오,2026-06-22,88,38250,38500,36800,36800,1352403,49768430400,-2.52
035720,카카오,2026-06-23,89,36550,37100,34250,34250,1929040,66069620000,-6.93
035720,카카오,2026-06-24,90,34100,34600,33500,34000,1655613,56290842000,-0.73
035720,카카오,2026-06-25,91,34450,35800,34200,34250,1678291,57481466750,0.74
035720,카카오,2026-06-26,92,34550,34600,32250,33150,1776988,58907152200,-3.21
035720,카카오,2026-06-29,93,33050,36300,32600,35850,1802862,64632602700,8.14
035720,카카오,2026-06-30,94,35800,35900,34550,34550,1238767,42799399850,-3.63
035720,카카오,2026-07-01,95,35350,36100,34400,34800,1541412,53641137600,0.72
035720,카카오,2026-07-02,96,34800,36350,33800,35250,2227923,78534285750,1.29
035720,카카오,2026-07-03,97,35950,36250,33850,35500,1867705,66303527500,0.71
035720,카카오,2026-07-06,98,35500,36300,34850,35600,1289188,45895092800,0.28
035720,카카오,2026-07-07,99,35600,35950,34400,35400,1704255,60330627000,-0.56
035720,카카오,2026-07-08,100,35450,35950,33400,34650,2205415,76417629750,-2.12
035720,카카오,2026-07-09,101,34700,35100,33400,33650,1897906,63864536900,-2.89
035720,카카오,2026-07-10,102,34150,36350,34150,35350,2167200,76610520000,5.05
035720,카카오,2026-07-13,103,35400,36100,34450,34750,1677515,58293646250,-1.7
035720,카카오,2026-07-14,104,35050,35050,33700,33850,2147915,72706922750,-2.59
035720,카카오,2026-07-15,105,34600,35950,34550,34900,1890167,65966828300,3.1
035720,카카오,2026-07-16,106,34700,36450,34150,35900,2680070,96214513000,2.87
035720,카카오,2026-07-20,107,35600,36200,34350,35050,1867585,65458854250,-2.37
035720,카카오,2026-07-21,108,34900,35900,34250,35300,1324450,46753085000,0.71
035720,카카오,2026-07-22,109,35750,36650,35400,35500,1749428,62104694000,0.57
035720,카카오,2026-07-23,110,36100,37175,35550,37150,2251715,83651212250,4.65
035720,카카오,2026-07-24,111,36450,36800,35500,36200,1679130,60784506000,-2.56
035720,카카오,2026-07-27,112,36950,37500,35850,37050,1800149,66695520450,2.35
035720,카카오,2026-07-28,113,36400,37100,35250,35650,2003037,71408269050,-3.78
035720,카카오,2026-07-29,114,36200,37900,34650,35300,4912823,173422651900,-0.98
035720,카카오,2026-07-30,115,35000,37050,34750,36150,2599309,93965020350,2.41
035720,카카오,2026-07-31,116,37050,37600,35750,37400,3029760,113313024000,3.46
035720,카카오,2026-08-03,117,36650,37500,35900,37200,1702786,63343639200,-0.53
035720,카카오,2026-08-04,118,37600,38000,36700,37900,2281800,86480220000,1.88
035720,카카오,2026-08-05,119,38100,39350,38000,38150,2573345,98173111750,0.66
035720,카카오,2026-08-06,120,38350,38400,36750,38300,2375197,90970045100,0.39
035720,카카오,2026-08-07,121,38300,40600,37800,39900,3984335,158974966500,4.18
035720,카카오,2026-08-10,122,39850,39850,38500,39550,1963362,77650967100,-0.88
035720,카카오,2026-08-11,123,39450,41000,39200,40700,2642980,107569286000,2.91
035720,카카오,2026-08-12,124,40700,41450,39500,39550,2365015,93536343250,-2.83
035720,카카오,2026-08-13,125,39800,40400,39150,40100,2630545,105484854500,1.39
035720,카카오,2026-08-14,126,40100,41400,39500,40000,2095637,83825480000,-0.25
051910,LG화학,2026-02-09,1,313000,315000,305000,310500,259118,80456139000,0.0
051910,LG화학,2026-02-10,2,312000,324500,310500,321000,413203,132638163000,3.38
051910,LG화학,2026-02-11,3,324000,327000,318000,322500,393723,126975667500,0.47
051910,LG화학,2026-02-12,4,325500,340000,324000,336500,576686,194054839000,4.34
051910,LG화학,2026-02-13,5,331000,336000,324000,324500,386073,125280688500,-3.57
051910,LG화학,2026-02-19,6,326500,336500,326000,334500,383082,128140929000,3.08
051910,LG화학,2026-02-20,7,333500,341500,331500,337000,236523,79708251000,0.75
051910,LG화학,2026-02-23,8,339000,340000,332000,332500,232539,77319217500,-1.34
051910,LG화학,2026-02-24,9,335000,351500,333500,350500,519344,182030072000,5.41
051910,LG화학,2026-02-25,10,353000,401500,347500,387500,1099978,426241475000,10.56
051910,LG화학,2026-02-26,11,387500,393500,383000,390000,466977,182121030000,0.65
051910,LG화학,2026-02-27,12,381000,424000,381000,417500,1146026,478465855000,7.05
051910,LG화학,2026-03-03,13,402000,407000,360000,361000,956158,345173038000,-13.53
051910,LG화학,2026-03-04,14,343000,347500,303000,307000,720462,221181834000,-14.96
051910,LG화학,2026-03-05,15,334500,338500,321000,324500,550806,178736547000,5.7
051910,LG화학,2026-03-06,16,317500,328000,307500,326500,511510,167008015000,0.62
051910,LG화학,2026-03-09,17,305000,310500,288000,300000,582831,174849300000,-8.12
051910,LG화학,2026-03-10,18,320000,323000,305500,311000,279895,87047345000,3.67
051910,LG화학,2026-03-11,19,321500,329500,312000,315500,217879,68740824500,1.45
051910,LG화학,2026-03-12,20,311000,313500,304000,306000,308065,94267890000,-3.01
051910,LG화학,2026-03-13,21,295000,301500,294500,297500,273412,81340070000,-2.78
051910,LG화학,2026-03-16,22,296000,297500,288000,292000,325789,95130388000,-1.85
051910,LG화학,2026-03-17,23,300000,313500,300000,307500,256068,78740910000,5.31
051910,LG화학,2026-03-18,24,314000,324000,312000,320000,278071,88982720000,4.07
051910,LG화학,2026-03-19,25,308000,313000,303500,303500,207291,62912818500,-5.16
051910,LG화학,2026-03-20,26,310000,312500,306500,310000,214904,66620240000,2.14
051910,LG화학,2026-03-23,27,298000,299500,289000,290000,249892,72468680000,-6.45
051910,LG화학,2026-03-24,28,305000,315000,303000,314000,337381,105937634000,8.28
051910,LG화학,2026-03-25,29,319500,323000,311500,318000,218075,69347850000,1.27
051910,LG화학,2026-03-26,30,320000,326500,311000,314000,213175,66936950000,-1.26
051910,LG화학,2026-03-27,31,304000,316500,298500,313000,239600,74994800000,-0.32
051910,LG화학,2026-03-30,32,299000,328500,297000,322000,387305,124712210000,2.88
051910,LG화학,2026-03-31,33,319000,321000,297500,299000,473765,141655735000,-7.14
051910,LG화학,2026-04-01,34,314500,315500,302500,312500,322039,100637187500,4.52
051910,LG화학,2026-04-02,35,316000,326500,298000,302000,438492,132424584000,-3.36
051910,LG화학,2026-04-03,36,309500,311500,299500,304500,241336,73486812000,0.83
051910,LG화학,2026-04-06,37,303500,320500,303500,317000,299795,95035015000,4.11
051910,LG화학,2026-04-07,38,316500,331000,315000,323500,313215,101325052500,2.05
051910,LG화학,2026-04-08,39,342000,346500,331000,344500,374125,128886062500,6.49
051910,LG화학,2026-04-09,40,353500,367000,348500,355000,717366,254664930000,3.05
051910,LG화학,2026-04-10,41,359500,362500,351500,356000,283205,100820980000,0.28
051910,LG화학,2026-04-13,42,344000,345000,336000,340000,264626,89972840000,-4.49
051910,LG화학,2026-04-14,43,346000,350500,340500,341500,164618,56217047000,0.44
051910,LG화학,2026-04-15,44,349500,363000,348000,354000,322452,114148008000,3.66
051910,LG화학,2026-04-16,45,360500,365000,351500,357500,218360,78063700000,0.99
051910,LG화학,2026-04-17,46,357500,362000,352500,360000,188824,67976640000,0.7
051910,LG화학,2026-04-20,47,360000,374000,359000,365500,239109,87394339500,1.53
051910,LG화학,2026-04-21,48,374000,390000,371000,389500,449161,174948209500,6.57
051910,LG화학,2026-04-22,49,390000,399500,385000,392000,344699,135122008000,0.64
051910,LG화학,2026-04-23,50,400500,403500,384500,391500,373795,146340742500,-0.13
051910,LG화학,2026-04-24,51,390000,393500,378500,391500,309047,120991900500,0.0
051910,LG화학,2026-04-27,52,390000,390000,377000,379500,305442,115915239000,-3.07
051910,LG화학,2026-04-28,53,386000,403500,385000,394000,339216,133651104000,3.82
051910,LG화학,2026-04-29,54,397500,411500,395000,407500,414937,169086827500,3.43
051910,LG화학,2026-04-30,55,407500,407500,392000,397000,283039,112366483000,-2.58
051910,LG화학,2026-05-04,56,411500,435000,408000,429000,609933,261661257000,8.06
051910,LG화학,2026-05-06,57,436000,436000,413000,423500,372989,157960841500,-1.28
051910,LG화학,2026-05-07,58,424500,429000,413750,425000,397016,168731800000,0.35
051910,LG화학,2026-05-08,59,425000,437500,414500,429500,316902,136109409000,1.06
051910,LG화학,2026-05-11,60,426500,431750,415500,423500,323937,137187319500,-1.4
051910,LG화학,2026-05-12,61,419000,420500,377000,388500,1047094,406796019000,-8.26
051910,LG화학,2026-05-13,62,395000,397000,374000,387500,337701,130859137500,-0.26
051910,LG화학,2026-05-14,63,394500,395000,376500,392500,365104,143303320000,1.29
051910,LG화학,2026-05-15,64,393000,409500,367000,374000,407694,152477556000,-4.71
051910,LG화학,2026-05-18,65,378500,380000,351500,373000,248124,92550252000,-0.27
051910,LG화학,2026-05-19,66,369500,369500,341500,350500,395053,138466076500,-6.03
051910,LG화학,2026-05-20,67,353500,354000,326000,332000,458363,152176516000,-5.28
051910,LG화학,2026-05-21,68,343000,349500,336000,348000,373133,129850284000,4.82
051910,LG화학,2026-05-22,69,357000,362000,345500,351000,349477,122666427000,0.86
051910,LG화학,2026-05-26,70,359000,361000,349500,351000,288865,101391615000,0.0
051910,LG화학,2026-05-27,71,348500,351500,330500,331000,447062,147977522000,-5.7
051910,LG화학,2026-05-28,72,343000,348500,329500,344500,475564,163831798000,4.08
051910,LG화학,2026-05-29,73,345000,372000,339500,367000,935945,343491815000,6.53
051910,LG화학,2026-06-01,74,364500,379500,358500,363500,556724,202369174000,-0.95
051910,LG화학,2026-06-02,75,358000,381000,354000,355000,509454,180856170000,-2.34
051910,LG화학,2026-06-04,76,351500,358500,340500,352000,437034,153835968000,-0.85
051910,LG화학,2026-06-05,77,357000,359000,330000,349000,280325,97833425000,-0.85
051910,LG화학,2026-06-08,78,320500,331000,317500,321000,350623,112549983000,-8.02
051910,LG화학,2026-06-09,79,323500,333500,318000,329000,442906,145716074000,2.49
051910,LG화학,2026-06-10,80,321500,333000,312000,323000,460889,148867147000,-1.82
051910,LG화학,2026-06-11,81,313000,318500,304000,316500,439844,139210626000,-2.01
051910,LG화학,2026-06-12,82,331500,348000,328000,345000,370877,127952565000,9.0
051910,LG화학,2026-06-15,83,355000,361500,346000,360500,254923,91899741500,4.49
051910,LG화학,2026-06-16,84,364500,372500,356000,367500,228006,83792205000,1.94
051910,LG화학,2026-06-17,85,368500,372500,359000,361000,188380,68005180000,-1.77
051910,LG화학,2026-06-18,86,357500,364500,340500,342500,316742,108484135000,-5.12
051910,LG화학,2026-06-19,87,346000,355000,322000,338000,384173,129850474000,-1.31
051910,LG화학,2026-06-22,88,339000,339000,322000,323000,217199,70155277000,-4.44
051910,LG화학,2026-06-23,89,326000,329500,290500,291500,323294,94240201000,-9.75
051910,LG화학,2026-06-24,90,292500,299500,286000,297500,285310,84879725000,2.06
051910,LG화학,2026-06-25,91,300500,305500,285000,285500,225142,64278041000,-4.03
051910,LG화학,2026-06-26,92,284500,291000,264500,271000,283029,76700859000,-5.08
051910,LG화학,2026-06-29,93,273500,309000,268500,308000,303017,93329236000,13.65
051910,LG화학,2026-06-30,94,301000,303500,278500,280000,409549,114673720000,-9.09
051910,LG화학,2026-07-01,95,283500,286000,274500,280000,258564,72397920000,0.0
051910,LG화학,2026-07-02,96,277000,289000,267500,281500,192139,54087128500,0.54
051910,LG화학,2026-07-03,97,281500,284500,268500,281500,171284,48216446000,0.0
051910,LG화학,2026-07-06,98,284500,285500,271500,276500,157978,43680917000,-1.78
051910,LG화학,2026-07-07,99,274000,275500,259500,265500,236042,62669151000,-3.98
051910,LG화학,2026-07-08,100,264500,267500,251500,255000,250176,63794880000,-3.95
051910,LG화학,2026-07-09,101,257000,266000,248500,251500,286285,72000677500,-1.37
051910,LG화학,2026-07-10,102,259500,275500,259000,264000,220071,58098744000,4.97
051910,LG화학,2026-07-13,103,268000,279500,259500,260500,231652,60345346000,-1.33
051910,LG화학,2026-07-14,104,263000,264500,252000,255000,258229,65848395000,-2.11
051910,LG화학,2026-07-15,105,262000,270000,260500,264500,166468,44030786000,3.73
051910,LG화학,2026-07-16,106,265000,271000,255500,260500,180510,47022855000,-1.51
051910,LG화학,2026-07-20,107,259500,262500,250000,253000,250470,63368910000,-2.88
051910,LG화학,2026-07-21,108,251000,255500,243000,250500,261524,65511762000,-0.99
051910,LG화학,2026-07-22,109,257500,266000,250500,252000,137770,34718040000,0.6
051910,LG화학,2026-07-23,110,255000,273000,254000,271500,183148,49724682000,7.74
051910,LG화학,2026-07-24,111,264000,267000,256500,259000,148757,38528063000,-4.6
051910,LG화학,2026-07-27,112,262500,266000,256500,260000,136487,35486620000,0.39
051910,LG화학,2026-07-28,113,253000,254500,236500,240500,223661,53790470500,-7.5
051910,LG화학,2026-07-29,114,244500,251000,224000,232500,292085,67909762500,-3.33
051910,LG화학,2026-07-30,115,229000,253500,229000,245500,273961,67257425500,5.59
051910,LG화학,2026-07-31,116,252500,262500,241000,258000,307583,79356414000,5.09
051910,LG화학,2026-08-03,117,253000,255500,238000,247000,263827,65165269000,-4.26
051910,LG화학,2026-08-04,118,249500,257500,244500,256500,217286,55733859000,3.85
051910,LG화학,2026-08-05,119,261500,266500,254500,255500,172045,43957497500,-0.39
051910,LG화학,2026-08-06,120,255000,262500,252000,261000,156675,40892175000,2.15
051910,LG화학,2026-08-07,121,264500,277000,260500,276000,201027,55483452000,5.75
051910,LG화학,2026-08-10,122,272000,280500,265750,278000,131363,36518914000,0.72
051910,LG화학,2026-08-11,123,276000,281000,273500,274000,87883,24079942000,-1.44
051910,LG화학,2026-08-12,124,275500,281000,272000,275500,117471,32363260500,0.55
051910,LG화학,2026-08-13,125,277000,280000,274000,275500,213415,58795832500,0.0
051910,LG화학,2026-08-14,126,280500,282500,274000,280500,137186,38480673000,1.81
055550,신한지주,2026-02-09,1,96000,97000,93000,93400,1997017,186521387800,0.0
055550,신한지주,2026-02-10,2,95700,99000,94800,97900,1501360,146983144000,4.82
055550,신한지주,2026-02-11,3,97800,101000,97800,100900,1648821,166366038900,3.06
055550,신한지주,2026-02-12,4,105600,107200,101100,106000,2276252,241282712000,5.05
055550,신한지주,2026-02-13,5,105200,106200,102400,102500,3014041,308939202500,-3.3
055550,신한지주,2026-02-19,6,102500,103400,99500,100300,2354745,236180923500,-2.15
055550,신한지주,2026-02-20,7,101000,102600,100200,102000,1540884,157170168000,1.69
055550,신한지주,2026-02-23,8,102900,102900,100900,101800,1403896,142916612800,-0.2
055550,신한지주,2026-02-24,9,103800,103800,97900,100900,1893566,191060809400,-0.88
055550,신한지주,2026-02-25,10,100300,100800,98500,99500,1873831,186446184500,-1.39
055550,신한지주,2026-02-26,11,99500,100400,98300,99900,2054336,205228166400,0.4
055550,신한지주,2026-02-27,12,99500,99500,96400,96900,3007690,291445161000,-3.0
055550,신한지주,2026-03-03,13,95900,98300,95200,96700,2289926,221435844200,-0.21
055550,신한지주,2026-03-04,14,94500,94600,85000,88800,3419674,303667051200,-8.17
055550,신한지주,2026-03-05,15,95000,96200,92100,92900,2972109,276108926100,4.62
055550,신한지주,2026-03-06,16,89000,91800,89000,91800,2033531,186678145800,-1.18
055550,신한지주,2026-03-09,17,85700,89700,83700,88500,1991947,176287309500,-3.59
055550,신한지주,2026-03-10,18,90800,92700,88000,89200,1967408,175492793600,0.79
055550,신한지주,2026-03-11,19,90900,94200,90300,91100,2055895,187292034500,2.13
055550,신한지주,2026-03-12,20,91100,92500,89900,91900,1757642,161527299800,0.88
055550,신한지주,2026-03-13,21,87300,92700,87300,90800,2446601,222151370800,-1.2
055550,신한지주,2026-03-16,22,89900,91200,88900,90000,1067616,96085440000,-0.88
055550,신한지주,2026-03-17,23,91200,93300,90300,91200,1304315,118953528000,1.33
055550,신한지주,2026-03-18,24,93800,95500,92100,95000,2543008,241585760000,4.17
055550,신한지주,2026-03-19,25,93000,96700,92200,96500,1262052,121788018000,1.58
055550,신한지주,2026-03-20,26,95900,98800,95800,97900,3167172,310066138800,1.45
055550,신한지주,2026-03-23,27,94000,94600,89300,89900,2083701,187324719900,-8.17
055550,신한지주,2026-03-24,28,91600,93600,88200,90000,1633427,147008430000,0.11
055550,신한지주,2026-03-25,29,92500,94000,91800,92100,1255340,115616814000,2.33
055550,신한지주,2026-03-26,30,93100,94600,92200,93400,1111630,103826242000,1.41
055550,신한지주,2026-03-27,31,93400,93900,90000,93500,1363436,127481266000,0.11
055550,신한지주,2026-03-30,32,88400,91300,87800,90500,1084400,98138200000,-3.21
055550,신한지주,2026-03-31,33,89000,89600,87300,87700,1790364,157014922800,-3.09
055550,신한지주,2026-04-01,34,93900,94200,91000,93300,1323951,123524628300,6.39
055550,신한지주,2026-04-02,35,95000,97300,90800,91700,1038396,95220913200,-1.71
055550,신한지주,2026-04-03,36,93500,94800,91500,91800,558564,51276175200,0.11
055550,신한지주,2026-04-06,37,92200,94400,91800,92900,674005,62615064500,1.2
055550,신한지주,2026-04-07,38,91800,94500,91300,91400,890817,81420673800,-1.61
055550,신한지주,2026-04-08,39,96300,98400,95600,96700,1289184,124664092800,5.8
055550,신한지주,2026-04-09,40,97200,98900,96400,96600,1334538,128916370800,-0.1
055550,신한지주,2026-04-10,41,97000,99800,97000,98700,630191,62199851700,2.17
055550,신한지주,2026-04-13,42,96900,98900,96300,98300,634338,62355425400,-0.41
055550,신한지주,2026-04-14,43,98700,100000,98300,98300,920893,90523781900,0.0
055550,신한지주,2026-04-15,44,100000,100900,99200,99800,1147263,114496847400,1.53
055550,신한지주,2026-04-16,45,101200,101200,99500,99900,1011060,101004894000,0.1
055550,신한지주,2026-04-17,46,99600,100600,99400,99600,665036,66237585600,-0.3
055550,신한지주,2026-04-20,47,100900,101400,99600,100000,648379,64837900000,0.4
055550,신한지주,2026-04-21,48,100000,100500,99200,99800,574865,57371527000,-0.2
055550,신한지주,2026-04-22,49,99300,99400,97700,98600,1085847,107064514200,-1.2
055550,신한지주,2026-04-23,50,98700,100000,97000,99900,1173646,117247235400,1.32
055550,신한지주,2026-04-24,51,100000,101200,99100,100000,1046117,104611700000,0.1
055550,신한지주,2026-04-27,52,101300,101300,99200,99700,1224148,122047555600,-0.3
055550,신한지주,2026-04-28,53,100000,100200,99100,99900,1078329,107725067100,0.2
055550,신한지주,2026-04-29,54,100000,100000,98500,100000,1568495,156849500000,0.1
055550,신한지주,2026-04-30,55,99000,101000,99000,99900,1660803,165914219700,-0.1
055550,신한지주,2026-05-04,56,101100,101300,97800,98000,1775875,174035750000,-1.9
055550,신한지주,2026-05-06,57,97900,99900,97300,97300,1629888,158588102400,-0.71
055550,신한지주,2026-05-07,58,98000,99700,96100,98900,1592277,157476195300,1.64
055550,신한지주,2026-05-08,59,99400,99700,97800,98000,1318573,129220154000,-0.91
055550,신한지주,2026-05-11,60,98100,99900,96900,97200,1444394,140395096800,-0.82
055550,신한지주,2026-05-12,61,98600,99000,94500,96700,1588028,153562307600,-0.51
055550,신한지주,2026-05-13,62,98700,98800,94700,95200,1080975,102908820000,-1.55
055550,신한지주,2026-05-14,63,95200,96800,93400,96800,1563957,151391037600,1.68
055550,신한지주,2026-05-15,64,96600,97300,93100,95100,1544275,146860552500,-1.76
055550,신한지주,2026-05-18,65,95900,96000,91100,93100,1200095,111728844500,-2.1
055550,신한지주,2026-05-19,66,92500,95600,92100,93900,1459581,137054655900,0.86
055550,신한지주,2026-05-20,67,96400,96500,92900,94000,1185712,111456928000,0.11
055550,신한지주,2026-05-21,68,95500,96700,94500,94800,904851,85779874800,0.85
055550,신한지주,2026-05-22,69,96900,99300,95500,98200,1064030,104487746000,3.59
055550,신한지주,2026-05-26,70,98200,99300,95800,96000,896531,86066976000,-2.24
055550,신한지주,2026-05-27,71,96500,97300,94500,95000,972307,92369165000,-1.04
055550,신한지주,2026-05-28,72,94800,95100,91000,92800,1081678,100379718400,-2.32
055550,신한지주,2026-05-29,73,94400,94800,91700,93600,2778385,260056836000,0.86
055550,신한지주,2026-06-01,74,93200,96200,92600,92600,1612094,149279904400,-1.07
055550,신한지주,2026-06-02,75,96200,96400,91800,96400,1391336,134124790400,4.1
055550,신한지주,2026-06-04,76,96800,102000,95500,100100,2050259,205230925900,3.84
055550,신한지주,2026-06-05,77,106200,109800,102500,107500,3611830,388271725000,7.39
055550,신한지주,2026-06-08,78,104700,104900,96500,97100,2158180,209559278000,-9.67
055550,신한지주,2026-06-09,79,98900,102200,96500,101200,1853431,187567217200,4.22
055550,신한지주,2026-06-10,80,97500,100800,95300,98200,1631177,160181581400,-2.96
055550,신한지주,2026-06-11,81,96100,98300,94100,96900,1880072,182178976800,-1.32
055550,신한지주,2026-06-12,82,99400,105000,97700,99600,2231836,222290865600,2.79
055550,신한지주,2026-06-15,83,102900,110800,102000,105600,2048362,216307027200,6.02
055550,신한지주,2026-06-16,84,105600,110700,105500,106700,1236763,131962612100,1.04
055550,신한지주,2026-06-17,85,107100,108800,102700,103100,1337604,137906972400,-3.37
055550,신한지주,2026-06-18,86,101500,103300,100100,100800,1406780,141803424000,-2.23
055550,신한지주,2026-06-19,87,102000,104400,98700,100900,1899794,191689214600,0.1
055550,신한지주,2026-06-22,88,100000,100400,97400,97500,1096436,106902510000,-3.37
055550,신한지주,2026-06-23,89,100400,103700,96500,97700,1558595,152274731500,0.21
055550,신한지주,2026-06-24,90,97700,98000,94400,95700,1466503,140344337100,-2.05
055550,신한지주,2026-06-25,91,97600,97600,94000,94500,1010303,95473633500,-1.25
055550,신한지주,2026-06-26,92,93700,94200,89400,91600,1318276,120754081600,-3.07
055550,신한지주,2026-06-29,93,91300,97200,90900,96400,1297476,125076686400,5.24
055550,신한지주,2026-06-30,94,98300,98600,95700,95800,1406235,134717313000,-0.62
055550,신한지주,2026-07-01,95,98400,98800,94500,96400,790055,76161302000,0.63
055550,신한지주,2026-07-02,96,95800,105000,94000,102200,1842329,188286023800,6.02
055550,신한지주,2026-07-03,97,104000,108000,103100,107300,2736622,293639540600,4.99
055550,신한지주,2026-07-06,98,107300,110700,106500,107700,1420236,152959417200,0.37
055550,신한지주,2026-07-07,99,107300,109500,105800,108600,1496772,162549439200,0.84
055550,신한지주,2026-07-08,100,108700,111000,105200,107300,1619037,173722670100,-1.2
055550,신한지주,2026-07-09,101,108700,109700,104000,105000,1850603,194313315000,-2.14
055550,신한지주,2026-07-10,102,106000,111800,104300,109200,1598006,174502255200,4.0
055550,신한지주,2026-07-13,103,110800,113300,107500,108600,1376745,149514507000,-0.55
055550,신한지주,2026-07-14,104,111100,112000,106000,106500,1427751,152055481500,-1.93
055550,신한지주,2026-07-15,105,107700,110400,106700,107300,1312064,140784467200,0.75
055550,신한지주,2026-07-16,106,108600,112400,105000,107900,1463864,157950925600,0.56
055550,신한지주,2026-07-20,107,104500,105800,100000,101800,1377804,140260447200,-5.65
055550,신한지주,2026-07-21,108,97400,105500,97300,104700,1095045,114651211500,2.85
055550,신한지주,2026-07-22,109,105500,107200,103600,104500,1108336,115821112000,-0.19
055550,신한지주,2026-07-23,110,104000,105400,102700,103800,1083249,112441246200,-0.67
055550,신한지주,2026-07-24,111,102900,107900,101900,104400,1087479,113532807600,0.58
055550,신한지주,2026-07-27,112,104800,105700,102400,105000,694952,72969960000,0.57
055550,신한지주,2026-07-28,113,102500,105400,99700,100900,1253310,126458979000,-3.9
055550,신한지주,2026-07-29,114,100300,103600,95700,98300,1382227,135872914100,-2.58
055550,신한지주,2026-07-30,115,98300,104800,96700,100800,1471543,148331534400,2.54
055550,신한지주,2026-07-31,116,100900,101800,97500,100700,1722435,173449204500,-0.1
055550,신한지주,2026-08-03,117,99700,103200,99000,102700,991006,101776316200,1.99
055550,신한지주,2026-08-04,118,100800,102900,100300,102300,763199,78075257700,-0.39
055550,신한지주,2026-08-05,119,102700,106700,102600,103600,850493,88111074800,1.27
055550,신한지주,2026-08-06,120,107900,107900,104700,107400,1006945,108145893000,3.67
055550,신한지주,2026-08-07,121,107600,110300,105600,110000,1389243,152816730000,2.42
055550,신한지주,2026-08-10,122,108200,108900,104100,106400,1143341,121651482400,-3.27
055550,신한지주,2026-08-11,123,106600,106700,104300,104500,858508,89714086000,-1.79
055550,신한지주,2026-08-12,124,105500,107900,103700,103800,1209125,125507175000,-0.67
055550,신한지주,2026-08-13,125,105300,108300,104600,106600,1362582,145251241200,2.7
055550,신한지주,2026-08-14,126,106000,108000,105200,107400,692324,74355597600,0.75
068270,셀트리온,2026-02-09,1,214462,223517,213985,219228,1681787,368694800436,0.0
068270,셀트리온,2026-02-10,2,217321,220658,214462,216845,652232,141433248040,-1.09
068270,셀트리온,2026-02-11,3,221134,232096,220181,228283,1808284,412800496372,5.27
068270,셀트리온,2026-02-12,4,227330,228283,220658,227330,999259,227161548470,-0.42
068270,셀트리온,2026-02-13,5,230666,231142,223040,226853,705178,159971744834,-0.21
068270,셀트리온,2026-02-19,6,229236,234478,228283,233049,589884,137471876316,2.73
068270,셀트리온,2026-02-20,7,231142,233525,229236,230666,491305,113327359130,-1.02
068270,셀트리온,2026-02-23,8,231619,232572,229236,231619,517145,119780607755,0.41
068270,셀트리온,2026-02-24,9,234955,239244,234002,236861,686631,162636105291,2.26
068270,셀트리온,2026-02-25,10,237815,237815,231142,233049,570688,132998267712,-1.61
068270,셀트리온,2026-02-26,11,231142,232572,227330,230666,656674,151472364884,-1.02
068270,셀트리온,2026-02-27,12,230189,232572,223994,227330,874106,198710516980,-1.45
068270,셀트리온,2026-03-03,13,220658,224470,213032,214462,910208,195205028096,-5.66
068270,셀트리온,2026-03-04,14,203977,208266,186725,188155,1611301,303174339655,-12.27
068270,셀트리온,2026-03-05,15,203977,205883,195875,201594,962486,194031402684,7.14
068270,셀트리온,2026-03-06,16,204454,206360,196828,202547,601213,121773889511,0.47
068270,셀트리온,2026-03-09,17,190537,194445,189775,194445,735915,143094992175,-4.0
068270,셀트리온,2026-03-10,18,202547,203501,194445,196352,513144,100756850688,0.98
068270,셀트리온,2026-03-11,19,199688,203977,197305,199211,452125,90068273375,1.46
068270,셀트리온,2026-03-12,20,197305,198258,193492,196352,525822,103246201344,-1.44
068270,셀트리온,2026-03-13,21,191109,198258,190633,195875,541462,106058869250,-0.24
068270,셀트리온,2026-03-16,22,193969,194445,190156,190633,453495,86451112335,-2.68
068270,셀트리온,2026-03-17,23,195875,198735,194445,196352,377404,74104030208,3.0
068270,셀트리온,2026-03-18,24,200641,202071,198258,199688,434323,86729091224,1.7
068270,셀트리온,2026-03-19,25,193492,195399,192063,192539,559182,107664343098,-3.58
068270,셀트리온,2026-03-20,26,193492,194922,191109,192539,474972,91450633908,0.0
068270,셀트리온,2026-03-23,27,185867,185962,178909,179481,778200,139672114200,-6.78
068270,셀트리온,2026-03-24,28,185962,193969,180434,190252,723874,137718476248,6.0
068270,셀트리온,2026-03-25,29,192539,196352,190633,193969,495953,96199507457,1.95
068270,셀트리온,2026-03-26,30,194922,198020,192063,193492,462979,89582732668,-0.25
068270,셀트리온,2026-03-27,31,191109,197305,189775,196352,489865,96185972480,1.48
068270,셀트리온,2026-03-30,32,188441,193969,187773,192063,447702,85986989226,-2.18
068270,셀트리온,2026-03-31,33,190156,192539,186915,187964,597980,112398712720,-2.13
068270,셀트리온,2026-04-01,34,194445,197305,190633,196352,528178,103708806656,4.46
068270,셀트리온,2026-04-02,35,197305,198258,184818,187487,671894,125971390378,-4.51
068270,셀트리온,2026-04-03,36,190633,191109,186153,186153,303787,56550861411,-0.71
068270,셀트리온,2026-04-06,37,186058,189203,185486,186630,349006,65134989780,0.26
068270,셀트리온,2026-04-07,38,185772,188536,182626,184628,534140,98617199920,-1.07
068270,셀트리온,2026-04-08,39,192539,195399,186820,192539,607448,116957430472,4.28
068270,셀트리온,2026-04-09,40,193016,193492,189584,192063,582803,111934892589,-0.25
068270,셀트리온,2026-04-10,41,193492,193492,190347,190347,368944,70227383568,-0.89
068270,셀트리온,2026-04-13,42,186630,187678,184533,186058,452503,84191803174,-2.25
068270,셀트리온,2026-04-14,43,189680,193016,188441,189775,445077,84464487675,2.0
068270,셀트리온,2026-04-15,44,193016,194922,191586,192539,487345,93832918955,1.46
068270,셀트리온,2026-04-16,45,194922,201118,194445,199211,589340,117403010740,3.47
068270,셀트리온,2026-04-17,46,199211,199211,196352,197782,281323,55640625586,-0.72
068270,셀트리온,2026-04-20,47,197782,198735,195399,195875,289266,56659977750,-0.96
068270,셀트리온,2026-04-21,48,196828,198258,192539,193492,468608,90671899136,-1.22
068270,셀트리온,2026-04-22,49,193492,195399,191586,194445,341016,66308856120,0.49
068270,셀트리온,2026-04-23,50,197782,197782,193492,196352,499155,98010082560,0.98
068270,셀트리온,2026-04-24,51,196828,202071,195875,199211,470135,93656063485,1.46
068270,셀트리온,2026-04-27,52,199688,200164,193492,194445,544388,105853524660,-2.39
068270,셀트리온,2026-04-28,53,193492,197782,192539,197305,474583,93637598815,1.47
068270,셀트리온,2026-04-29,54,196828,198258,194445,194445,398727,77530471515,-1.45
068270,셀트리온,2026-04-30,55,193969,194445,190633,191109,491854,93997726086,-1.72
068270,셀트리온,2026-05-04,56,193016,193492,188441,188536,646796,121944330656,-1.35
068270,셀트리온,2026-05-06,57,192539,193016,185581,185581,980616,181983697896,-1.57
068270,셀트리온,2026-05-07,58,190252,196828,189489,193016,1127198,217567249168,4.01
068270,셀트리온,2026-05-08,59,194445,194445,187869,189108,651205,123148075140,-2.02
068270,셀트리온,2026-05-11,60,188155,188155,181768,182340,906575,165304885500,-3.58
068270,셀트리온,2026-05-12,61,181864,188536,178623,184247,1225716,225834495852,1.05
068270,셀트리온,2026-05-13,62,187773,188536,179100,181578,823912,149604293136,-1.45
068270,셀트리온,2026-05-14,63,181482,185962,181292,185962,736284,136920845208,2.41
068270,셀트리온,2026-05-15,64,186344,186344,177956,179957,806879,145203524203,-3.23
068270,셀트리온,2026-05-18,65,179290,179862,171188,174620,661543,115518638660,-2.97
068270,셀트리온,2026-05-19,66,174048,177384,171188,173952,598966,104191333632,-0.38
068270,셀트리온,2026-05-20,67,176907,176907,169663,170998,664910,113698280180,-1.7
068270,셀트리온,2026-05-21,68,173476,182436,173476,180720,810887,146543498640,5.69
068270,셀트리온,2026-05-22,69,184818,192539,184151,189394,886158,167833008252,4.8
068270,셀트리온,2026-05-26,70,192539,192539,185867,185867,610543,113479795781,-1.86
068270,셀트리온,2026-05-27,71,184628,188536,182817,185390,670104,124230580560,-0.26
068270,셀트리온,2026-05-28,72,184914,185772,176288,181101,716263,129715945563,-2.31
068270,셀트리온,2026-05-29,73,182626,185390,180529,183865,1188978,218611439970,1.53
068270,셀트리온,2026-06-01,74,182436,185390,180243,182722,901163,164662305686,-0.62
068270,셀트리온,2026-06-02,75,181578,182722,177003,179100,742115,132912796500,-1.98
068270,셀트리온,2026-06-04,76,181200,181900,174000,176500,581517,102637750500,-1.45
068270,셀트리온,2026-06-05,77,179700,179800,169900,171400,603099,103371168600,-2.89
068270,셀트리온,2026-06-08,78,160700,164200,158500,159400,761456,121376086400,-7.0
068270,셀트리온,2026-06-09,79,160100,171700,160100,170000,690173,117329410000,6.65
068270,셀트리온,2026-06-10,80,165100,168400,162700,167300,527943,88324863900,-1.59
068270,셀트리온,2026-06-11,81,163000,167100,160000,166200,555228,92278893600,-0.66
068270,셀트리온,2026-06-12,82,171000,176900,169200,173000,877296,151772208000,4.09
068270,셀트리온,2026-06-15,83,176100,177700,173500,175000,400596,70104300000,1.16
068270,셀트리온,2026-06-16,84,174200,177400,172300,174500,427814,74653543000,-0.29
068270,셀트리온,2026-06-17,85,175900,177800,171100,174600,500727,87426934200,0.06
068270,셀트리온,2026-06-18,86,173200,175500,172300,173600,443187,76937263200,-0.57
068270,셀트리온,2026-06-19,87,173000,174100,166500,170300,1160752,197676065600,-1.9
068270,셀트리온,2026-06-22,88,168400,169200,166300,168500,503668,84868058000,-1.06
068270,셀트리온,2026-06-23,89,167700,169900,160300,160500,580032,93095136000,-4.75
068270,셀트리온,2026-06-24,90,160500,175500,159200,172700,824946,142468174200,7.6
068270,셀트리온,2026-06-25,91,171000,180300,170600,173100,631651,109338788100,0.23
068270,셀트리온,2026-06-26,92,173700,173800,161100,165900,596116,98895644400,-4.16
068270,셀트리온,2026-06-29,93,168000,180000,167900,179200,765680,137209856000,8.02
068270,셀트리온,2026-06-30,94,177500,180200,173100,173300,565686,98033383800,-3.29
068270,셀트리온,2026-07-01,95,178400,180000,171800,174500,473079,82552285500,0.69
068270,셀트리온,2026-07-02,96,174600,183200,169000,176600,712765,125874299000,1.2
068270,셀트리온,2026-07-03,97,183700,188000,178600,183600,853838,156764656800,3.96
068270,셀트리온,2026-07-06,98,183400,185000,174300,175900,527031,92704752900,-4.19
068270,셀트리온,2026-07-07,99,174600,178500,172700,178200,624179,111228697800,1.31
068270,셀트리온,2026-07-08,100,178300,183900,174700,176800,792364,140089955200,-0.79
068270,셀트리온,2026-07-09,101,176700,178000,171000,173100,609649,105530241900,-2.09
068270,셀트리온,2026-07-10,102,174200,179200,172700,175200,435099,76229344800,1.21
068270,셀트리온,2026-07-13,103,175300,180800,173900,175100,646548,113210554800,-0.06
068270,셀트리온,2026-07-14,104,175100,178200,171800,172800,710511,122776300800,-1.31
068270,셀트리온,2026-07-15,105,175100,179300,175100,175700,491182,86300677400,1.68
068270,셀트리온,2026-07-16,106,175700,177500,171200,175800,498638,87660560400,0.06
068270,셀트리온,2026-07-20,107,173800,174300,170900,172600,473598,81743014800,-1.82
068270,셀트리온,2026-07-21,108,171400,175000,168200,171600,456723,78373666800,-0.58
068270,셀트리온,2026-07-22,109,172800,177300,170000,170100,379360,64529136000,-0.87
068270,셀트리온,2026-07-23,110,170100,174000,170100,172200,400464,68959900800,1.23
068270,셀트리온,2026-07-24,111,170800,179400,170800,177600,804969,142962494400,3.14
068270,셀트리온,2026-07-27,112,179100,183700,175800,178700,494728,88407893600,0.62
068270,셀트리온,2026-07-28,113,178000,186400,176000,177400,1306161,231712961400,-0.73
068270,셀트리온,2026-07-29,114,180100,188800,177300,180000,1797702,323586360000,1.47
068270,셀트리온,2026-07-30,115,180100,191700,179900,190000,1747638,332051220000,5.56
068270,셀트리온,2026-07-31,116,189200,189300,183700,186700,1127709,210543270300,-1.74
068270,셀트리온,2026-08-03,117,184100,185000,180300,182200,451402,82245444400,-2.41
068270,셀트리온,2026-08-04,118,182100,185800,180300,185800,521154,96830413200,1.98
068270,셀트리온,2026-08-05,119,186100,193000,185500,190300,617748,117557444400,2.42
068270,셀트리온,2026-08-06,120,191000,196300,189800,195000,801664,156324480000,2.47
068270,셀트리온,2026-08-07,121,193200,199300,193200,199300,776632,154782757600,2.21
068270,셀트리온,2026-08-10,122,197700,202000,194850,201000,533999,107333799000,0.85
068270,셀트리온,2026-08-11,123,200000,212000,199100,210500,886325,186571412500,4.73
068270,셀트리온,2026-08-12,124,208500,212000,200500,202000,926438,187140476000,-4.04
068270,셀트리온,2026-08-13,125,202500,203500,199800,202000,679170,137192340000,0.0
068270,셀트리온,2026-08-14,126,200500,203500,198900,201000,341446,68630646000,-0.5
086520,에코프로,2026-02-09,1,162200,165400,152000,159300,3691114,587994460200,0.0
086520,에코프로,2026-02-10,2,160200,164500,155400,156000,1951145,304378620000,-2.07
086520,에코프로,2026-02-11,3,156600,157300,152100,152500,1350060,205884150000,-2.24
086520,에코프로,2026-02-12,4,153600,156600,150200,155500,1913737,297586103500,1.97
086520,에코프로,2026-02-13,5,152200,154600,148600,150400,1574395,236789008000,-3.28
086520,에코프로,2026-02-19,6,151700,173800,149000,172300,6082106,1047946863800,14.56
086520,에코프로,2026-02-20,7,175500,175600,168400,171300,2255550,386375715000,-0.58
086520,에코프로,2026-02-23,8,180000,183700,167000,169300,3460369,585840471700,-1.17
086520,에코프로,2026-02-24,9,173000,175000,168100,169900,2166422,368075097800,0.35
086520,에코프로,2026-02-25,10,172300,179100,169200,175200,2708728,474569145600,3.12
086520,에코프로,2026-02-26,11,178400,190000,175000,184200,5750749,1059287965800,5.14
086520,에코프로,2026-02-27,12,180500,188000,179000,185000,2792329,516580865000,0.43
086520,에코프로,2026-03-03,13,179000,189400,164000,164000,5198938,852625832000,-11.35
086520,에코프로,2026-03-04,14,154300,164200,133500,133800,5066264,677866123200,-18.41
086520,에코프로,2026-03-05,15,153500,168800,152000,160800,4321845,694952676000,20.18
086520,에코프로,2026-03-06,16,161800,173700,159500,170000,3744596,636581320000,5.72
086520,에코프로,2026-03-09,17,160400,167300,155200,163800,2602659,426315544200,-3.65
086520,에코프로,2026-03-10,18,174600,174900,161200,164500,2767637,455276286500,0.43
086520,에코프로,2026-03-11,19,167900,169850,159000,161600,1729110,279424176000,-1.76
086520,에코프로,2026-03-12,20,159100,162100,156300,158000,1450674,229206492000,-2.23
086520,에코프로,2026-03-13,21,151300,153700,150500,150500,1443712,217278656000,-4.75
086520,에코프로,2026-03-16,22,150700,152600,143200,145900,1435565,209448933500,-3.06
086520,에코프로,2026-03-17,23,151900,154100,148500,149300,1146086,171110639800,2.33
086520,에코프로,2026-03-18,24,154000,154500,151400,154000,955316,147118664000,3.15
086520,에코프로,2026-03-19,25,149900,155000,149100,151100,925314,139814945400,-1.88
086520,에코프로,2026-03-20,26,152600,153300,150200,150900,828725,125054602500,-0.13
086520,에코프로,2026-03-23,27,145100,145900,139500,139600,1089923,152153250800,-7.49
086520,에코프로,2026-03-24,28,148200,152300,144600,149000,1448601,215841549000,6.73
086520,에코프로,2026-03-25,29,151400,154300,148900,151300,975936,147659116800,1.54
086520,에코프로,2026-03-26,30,149600,152500,145700,146000,853927,124673342000,-3.5
086520,에코프로,2026-03-27,31,141100,150900,138500,149000,1463855,218114395000,2.05
086520,에코프로,2026-03-30,32,141600,150000,141500,146700,969231,142186187700,-1.54
086520,에코프로,2026-03-31,33,148900,149300,139400,139500,1534387,214046986500,-4.91
086520,에코프로,2026-04-01,34,148000,151000,146100,149100,969151,144500414100,6.88
086520,에코프로,2026-04-02,35,151200,155200,140800,142400,1867870,265984688000,-4.49
086520,에코프로,2026-04-03,36,145600,146500,139700,141500,827157,117042715500,-0.63
086520,에코프로,2026-04-06,37,141900,147800,141900,143000,955482,136633926000,1.06
086520,에코프로,2026-04-07,38,144500,155100,143200,144800,1853180,268340464000,1.26
086520,에코프로,2026-04-08,39,153200,153900,149100,153100,1297197,198600860700,5.73
086520,에코프로,2026-04-09,40,153200,153800,148500,148900,1109507,165205592300,-2.74
086520,에코프로,2026-04-10,41,150600,151000,146400,146400,938905,137455692000,-1.68
086520,에코프로,2026-04-13,42,146000,148100,143700,143700,822112,118137494400,-1.84
086520,에코프로,2026-04-14,43,147900,148000,144100,144200,597615,86176083000,0.35
086520,에코프로,2026-04-15,44,147500,151400,146100,147900,1177460,174146334000,2.57
086520,에코프로,2026-04-16,45,151000,152300,148500,149200,675684,100812052800,0.88
086520,에코프로,2026-04-17,46,150400,154000,149300,151900,1208127,183514491300,1.81
086520,에코프로,2026-04-20,47,151200,160400,150000,155600,2101951,327063575600,2.44
086520,에코프로,2026-04-21,48,159700,164800,157100,163700,2443999,400082636300,5.21
086520,에코프로,2026-04-22,49,166600,166700,158300,164300,1874518,307983307400,0.37
086520,에코프로,2026-04-23,50,164400,165100,154200,157200,1550258,243700557600,-4.32
086520,에코프로,2026-04-24,51,157500,159700,154100,156600,1045704,163757246400,-0.38
086520,에코프로,2026-04-27,52,157600,158900,154400,156400,934570,146166748000,-0.13
086520,에코프로,2026-04-28,53,160600,166200,158700,161500,1907246,308020229000,3.26
086520,에코프로,2026-04-29,54,159800,162000,156600,159900,1129287,180572991300,-0.99
086520,에코프로,2026-04-30,55,160100,160200,152800,152900,1215563,185859582700,-4.38
086520,에코프로,2026-05-04,56,155800,158500,154100,155800,959614,149507861200,1.9
086520,에코프로,2026-05-06,57,157500,163300,155900,162800,1946755,316931714000,4.49
086520,에코프로,2026-05-07,58,161700,165800,158300,159700,1806206,288451098200,-1.9
086520,에코프로,2026-05-08,59,158200,162000,151700,155000,1376571,213368505000,-2.94
086520,에코프로,2026-05-11,60,154100,154300,145900,146400,1506499,220551453600,-5.55
086520,에코프로,2026-05-12,61,147600,151300,136400,139700,2050230,286417131000,-4.58
086520,에코프로,2026-05-13,62,138000,139400,132700,135000,1299726,175463010000,-3.36
086520,에코프로,2026-05-14,63,141900,142300,134500,142300,1252745,178265613500,5.41
086520,에코프로,2026-05-15,64,140600,144800,126100,129200,1869135,241492242000,-9.21
086520,에코프로,2026-05-18,65,126500,129100,121100,126800,1397434,177194631200,-1.86
086520,에코프로,2026-05-19,66,127600,129400,119800,121600,1137823,138359276800,-4.1
086520,에코프로,2026-05-20,67,119500,120900,115000,118700,1164989,138284194300,-2.38
086520,에코프로,2026-05-21,68,122700,132700,121500,129800,1210017,157060206600,9.35
086520,에코프로,2026-05-22,69,133800,151700,132100,146500,3727417,546066590500,12.87
086520,에코프로,2026-05-26,70,151300,157700,146700,147000,1956359,287584773000,0.34
086520,에코프로,2026-05-27,71,144700,154200,142700,142900,2172329,310425814100,-2.79
086520,에코프로,2026-05-28,72,147800,147900,136000,144700,1653123,239206898100,1.26
086520,에코프로,2026-05-29,73,143800,143800,138100,139000,1982448,275560272000,-3.94
086520,에코프로,2026-06-01,74,136000,137500,130100,130400,1582703,206384471200,-6.19
086520,에코프로,2026-06-02,75,128800,138200,126900,127600,2079570,265353132000,-2.15
086520,에코프로,2026-06-04,76,131300,138000,128400,128800,1370143,176474418400,0.94
086520,에코프로,2026-06-05,77,128900,129100,118500,118500,1023316,121262946000,-8.0
086520,에코프로,2026-06-08,78,108400,109400,104300,105200,1221353,128486335600,-11.22
086520,에코프로,2026-06-09,79,105200,111500,104000,107400,1488377,159851689800,2.09
086520,에코프로,2026-06-10,80,106300,110900,102500,105900,1058982,112146193800,-1.4
086520,에코프로,2026-06-11,81,102600,108800,99700,108800,1638369,178254547200,2.74
086520,에코프로,2026-06-12,82,115600,120100,112400,115700,1267139,146607982300,6.34
086520,에코프로,2026-06-15,83,121300,124000,119300,124000,775428,96153072000,7.17
086520,에코프로,2026-06-16,84,124100,125500,121200,122600,649749,79659227400,-1.13
086520,에코프로,2026-06-17,85,123800,123900,120700,122800,549734,67507335200,0.16
086520,에코프로,2026-06-18,86,122200,123000,115100,117500,866170,101774975000,-4.32
086520,에코프로,2026-06-19,87,117600,119800,112500,116000,1237383,143536428000,-1.28
086520,에코프로,2026-06-22,88,116100,117100,111800,114500,875765,100275092500,-1.29
086520,에코프로,2026-06-23,89,114200,117800,103000,103000,1018580,104913740000,-10.04
086520,에코프로,2026-06-24,90,103100,110400,101300,107700,1067405,114959518500,4.56
086520,에코프로,2026-06-25,91,107700,108800,101400,102000,959060,97824120000,-5.29
086520,에코프로,2026-06-26,92,101700,103900,93200,95400,1474372,140655088800,-6.47
086520,에코프로,2026-06-29,93,95600,118700,95600,118000,2874885,339236430000,23.69
086520,에코프로,2026-06-30,94,118100,118500,106600,106600,2370046,252646903600,-9.66
086520,에코프로,2026-07-01,95,99400,103900,91700,93000,2984143,277525299000,-12.76
086520,에코프로,2026-07-02,96,92800,92800,86300,86900,1429240,124200956000,-6.56
086520,에코프로,2026-07-03,97,84200,88800,79800,87300,1788187,156108725100,0.46
086520,에코프로,2026-07-06,98,88000,89300,82900,85500,836954,71559567000,-2.06
086520,에코프로,2026-07-07,99,85500,88600,82000,84400,1127805,95186742000,-1.29
086520,에코프로,2026-07-08,100,82400,83900,77600,78000,1302271,101577138000,-7.58
086520,에코프로,2026-07-09,101,78100,83700,76200,79400,1498348,118968831200,1.79
086520,에코프로,2026-07-10,102,80800,87100,80800,85800,1222422,104883807600,8.06
086520,에코프로,2026-07-13,103,86700,89200,81500,83600,1213950,101486220000,-2.56
086520,에코프로,2026-07-14,104,83400,83500,75600,79100,1094235,86553988500,-5.38
086520,에코프로,2026-07-15,105,81600,89500,81600,86400,1216531,105108278400,9.23
086520,에코프로,2026-07-16,106,85500,86900,79400,80000,772824,61825920000,-7.41
086520,에코프로,2026-07-20,107,77500,77950,72600,73500,747228,54921258000,-8.12
086520,에코프로,2026-07-21,108,71900,76000,71800,75200,785671,59082459200,2.31
086520,에코프로,2026-07-22,109,77700,80900,77100,77100,750086,57831630600,2.53
086520,에코프로,2026-07-23,110,77700,84800,76900,84300,934759,78800183700,9.34
086520,에코프로,2026-07-24,111,81800,82000,78000,78100,580124,45307684400,-7.35
086520,에코프로,2026-07-27,112,81400,82500,78600,80600,619255,49911953000,3.2
086520,에코프로,2026-07-28,113,77800,78200,71900,72700,658093,47843361100,-9.8
086520,에코프로,2026-07-29,114,74000,75900,63400,67400,1339610,90289714000,-7.29
086520,에코프로,2026-07-30,115,65000,74800,65000,70600,1586054,111975412400,4.75
086520,에코프로,2026-07-31,116,74900,80900,72800,79100,1339406,105947014600,12.04
086520,에코프로,2026-08-03,117,77100,79700,72200,77400,950173,73543390200,-2.15
086520,에코프로,2026-08-04,118,78800,84300,78800,82000,1334597,109436954000,5.94
086520,에코프로,2026-08-05,119,84600,84900,81300,82300,776125,63875087500,0.37
086520,에코프로,2026-08-06,120,81900,85700,80200,83600,874100,73074760000,1.58
086520,에코프로,2026-08-07,121,87400,91700,81500,86000,1587277,136505822000,2.87
086520,에코프로,2026-08-10,122,86600,93700,84000,93500,1271412,118877022000,8.72
086520,에코프로,2026-08-11,123,93500,94600,89000,90300,1117479,100908353700,-3.42
086520,에코프로,2026-08-12,124,90300,92200,88100,91300,643294,58732742200,1.11
086520,에코프로,2026-08-13,125,91400,94200,89600,92100,897496,82659381600,0.88
086520,에코프로,2026-08-14,126,93200,95800,90100,93600,771000,72165600000,1.63
105560,KB금융,2026-02-09,1,150500,152700,148800,151400,1668370,252591218000,0.0
105560,KB금융,2026-02-10,2,157300,160300,153300,155500,1876441,291786575500,2.71
105560,KB금융,2026-02-11,3,155500,165000,155400,164500,2186027,359601441500,5.79
105560,KB금융,2026-02-12,4,163800,168500,162400,168500,1821129,306860236500,2.43
105560,KB금융,2026-02-13,5,166800,170500,164000,167900,1772951,297678472900,-0.36
105560,KB금융,2026-02-19,6,168800,169800,163700,166500,2035445,338901592500,-0.83
105560,KB금융,2026-02-20,7,167400,169700,167100,168800,1321785,223117308000,1.38
105560,KB금융,2026-02-23,8,172500,172500,165100,168700,1349618,227680556600,-0.06
105560,KB금융,2026-02-24,9,167500,169300,162000,166700,1478679,246495789300,-1.19
105560,KB금융,2026-02-25,10,166300,169400,165100,167700,1144011,191850644700,0.6
105560,KB금융,2026-02-26,11,167400,167400,164300,165300,1373955,227114761500,-1.43
105560,KB금융,2026-02-27,12,161100,164200,159000,159000,2686751,427193409000,-3.81
105560,KB금융,2026-03-03,13,157500,158300,152500,153500,2412942,370386597000,-3.46
105560,KB금융,2026-03-04,14,148300,149400,135100,137700,2845836,391871617200,-10.29
105560,KB금융,2026-03-05,15,151400,153100,146900,149000,1934617,288257933000,8.21
105560,KB금융,2026-03-06,16,144500,150300,143200,147400,1238730,182588802000,-1.07
105560,KB금융,2026-03-09,17,132900,143600,132900,142600,1439220,205232772000,-3.26
105560,KB금융,2026-03-10,18,149700,150600,145300,147400,1371667,202183715800,3.37
105560,KB금융,2026-03-11,19,154100,157700,149900,151300,1451829,219661727700,2.65
105560,KB금융,2026-03-12,20,149200,150800,147500,149200,803427,119871308400,-1.39
105560,KB금융,2026-03-13,21,143200,150800,143000,148900,1424028,212037769200,-0.2
105560,KB금융,2026-03-16,22,149300,153200,147200,149300,957489,142953107700,0.27
105560,KB금융,2026-03-17,23,150800,153300,149700,150700,947530,142792771000,0.94
105560,KB금융,2026-03-18,24,152400,156300,152300,154700,1289740,199522778000,2.65
105560,KB금융,2026-03-19,25,151500,158900,150800,155700,954033,148542938100,0.65
105560,KB금융,2026-03-20,26,154200,158200,153500,155200,1114958,173041481600,-0.32
105560,KB금융,2026-03-23,27,147900,150300,144100,145300,1121082,162893214600,-6.38
105560,KB금융,2026-03-24,28,149000,150500,144100,146900,1118859,164360387100,1.1
105560,KB금융,2026-03-25,29,152100,152800,148700,149400,1431022,213794686800,1.7
105560,KB금융,2026-03-26,30,149500,153400,149000,152200,1058672,161129878400,1.87
105560,KB금융,2026-03-27,31,146500,153000,146100,152200,1216855,185205331000,0.0
105560,KB금융,2026-03-30,32,143500,148400,143000,145900,1294041,188800581900,-4.14
105560,KB금융,2026-03-31,33,143900,145000,141400,141900,2259948,320686621200,-2.74
105560,KB금융,2026-04-01,34,148000,150000,146600,148300,1752434,259885962200,4.51
105560,KB금융,2026-04-02,35,151300,155300,144500,146500,983517,144085240500,-1.21
105560,KB금융,2026-04-03,36,148300,149400,145150,145500,543104,79021632000,-0.68
105560,KB금융,2026-04-06,37,145800,149500,145100,147900,576084,85202823600,1.65
105560,KB금융,2026-04-07,38,146700,151900,146600,146700,684382,100398839400,-0.81
105560,KB금융,2026-04-08,39,158200,159100,155000,156000,1252002,195312312000,6.34
105560,KB금융,2026-04-09,40,162700,162700,154100,154200,1002806,154632685200,-1.15
105560,KB금융,2026-04-10,41,156000,159500,156000,158300,625014,98939716200,2.66
105560,KB금융,2026-04-13,42,156800,158100,155300,156600,889890,139356774000,-1.07
105560,KB금융,2026-04-14,43,157600,159800,155800,155900,1033864,161179397600,-0.45
105560,KB금융,2026-04-15,44,157400,161000,157400,158200,1706000,269889200000,1.48
105560,KB금융,2026-04-16,45,161000,163700,159500,162300,1216078,197369459400,2.59
105560,KB금융,2026-04-17,46,163000,163400,161100,162300,762368,123732326400,0.0
105560,KB금융,2026-04-20,47,166500,166500,160900,160900,747973,120348855700,-0.86
105560,KB금융,2026-04-21,48,161200,162100,159600,160400,594032,95282732800,-0.31
105560,KB금융,2026-04-22,49,159000,159000,155400,157400,1086402,170999674800,-1.87
105560,KB금융,2026-04-23,50,155900,158000,155000,158000,1225606,193645748000,0.38
105560,KB금융,2026-04-24,51,157000,159000,156300,157400,1072760,168852424000,-0.38
105560,KB금융,2026-04-27,52,157400,157800,155200,157400,884797,139267047800,0.0
105560,KB금융,2026-04-28,53,158900,159900,157100,158800,1175120,186609056000,0.89
105560,KB금융,2026-04-29,54,159300,161100,158000,160600,1014447,162920188200,1.13
105560,KB금융,2026-04-30,55,162200,163900,159400,160500,1640619,263319349500,-0.06
105560,KB금융,2026-05-04,56,161500,163000,157700,157800,1452794,229250893200,-1.68
105560,KB금융,2026-05-06,57,162100,162400,158000,158900,1597573,253854349700,0.7
105560,KB금융,2026-05-07,58,162300,162300,157900,161200,1342933,216480799600,1.45
105560,KB금융,2026-05-08,59,163200,164200,160300,161700,1223978,197917242600,0.31
105560,KB금융,2026-05-11,60,161000,163200,158200,158800,1775411,281935266800,-1.79
105560,KB금융,2026-05-12,61,159400,159500,150800,153600,1749942,268791091200,-3.27
105560,KB금융,2026-05-13,62,152800,155000,150900,152000,1284353,195221656000,-1.04
105560,KB금융,2026-05-14,63,153500,156500,150700,156000,1283678,200253768000,2.63
105560,KB금융,2026-05-15,64,157500,159700,153300,155600,1530297,238114213200,-0.26
105560,KB금융,2026-05-18,65,154900,155900,149300,153000,986810,150981930000,-1.67
105560,KB금융,2026-05-19,66,150200,155300,149200,152800,1157980,176939344000,-0.13
105560,KB금융,2026-05-20,67,155100,155500,149200,151700,1337443,202890103100,-0.72
105560,KB금융,2026-05-21,68,154200,157200,153900,155800,827912,128988689600,2.7
105560,KB금융,2026-05-22,69,158000,161300,156100,160000,1111571,177851360000,2.7
105560,KB금융,2026-05-26,70,160100,162000,157300,157300,1048890,164990397000,-1.69
105560,KB금융,2026-05-27,71,157800,158400,153300,153800,1180209,181516144200,-2.23
105560,KB금융,2026-05-28,72,155100,155100,146700,149700,1497632,224195510400,-2.67
105560,KB금융,2026-05-29,73,150100,153500,148200,150600,2006731,302213688600,0.6
105560,KB금융,2026-06-01,74,149100,155500,149100,152100,1706556,259567167600,1.0
105560,KB금융,2026-06-02,75,155800,156900,150000,156600,1307922,204820585200,2.96
105560,KB금융,2026-06-04,76,156600,165900,154600,164200,2143129,351901781800,4.85
105560,KB금융,2026-06-05,77,171500,175700,166000,171600,2955491,507162255600,4.51
105560,KB금융,2026-06-08,78,168900,169500,150000,151500,2364470,358217205000,-11.71
105560,KB금융,2026-06-09,79,157200,157200,151000,154800,1775435,274837338000,2.18
105560,KB금융,2026-06-10,80,152800,156800,149300,154000,1457834,224506436000,-0.52
105560,KB금융,2026-06-11,81,153800,153800,147400,151500,1776398,269124297000,-1.62
105560,KB금융,2026-06-12,82,156000,167200,153700,161200,1564173,252144687600,6.4
105560,KB금융,2026-06-15,83,163500,175000,162200,169600,1412182,239506067200,5.21
105560,KB금융,2026-06-16,84,174600,182700,170600,172000,1678455,288694260000,1.42
105560,KB금융,2026-06-17,85,175400,176500,163500,164000,1530191,250951324000,-4.65
105560,KB금융,2026-06-18,86,162500,164500,158700,163100,1519100,247765210000,-0.55
105560,KB금융,2026-06-19,87,164100,165900,155000,158300,2181977,345406959100,-2.94
105560,KB금융,2026-06-22,88,158400,158600,155100,157000,956909,150234713000,-0.82
105560,KB금융,2026-06-23,89,157400,163800,151400,153700,1749820,268947334000,-2.1
105560,KB금융,2026-06-24,90,154000,156400,149100,151800,1422437,215925936600,-1.24
105560,KB금융,2026-06-25,91,153900,156400,151400,151900,1076476,163516704400,0.07
105560,KB금융,2026-06-26,92,151300,153000,145000,149300,1103176,164704176800,-1.71
105560,KB금융,2026-06-29,93,149400,154500,146200,153700,1318055,202585053500,2.95
105560,KB금융,2026-06-30,94,156300,161800,155200,159000,1512863,240545217000,3.45
105560,KB금융,2026-07-01,95,159600,162500,154600,158500,1193889,189231406500,-0.31
105560,KB금융,2026-07-02,96,161700,173800,158700,165000,2309641,381090765000,4.1
105560,KB금융,2026-07-03,97,165200,172600,165000,170100,1562948,265857454800,3.09
105560,KB금융,2026-07-06,98,170200,177000,168500,170900,1018511,174063529900,0.47
105560,KB금융,2026-07-07,99,171000,176900,168500,173200,1562593,270641107600,1.35
105560,KB금융,2026-07-08,100,176200,176600,169200,171000,2208396,377635716000,-1.27
105560,KB금융,2026-07-09,101,175900,176000,169400,171400,2385649,408900238600,0.23
105560,KB금융,2026-07-10,102,179900,189900,175000,184400,2152385,396899794000,7.58
105560,KB금융,2026-07-13,103,186300,194500,184100,186200,2401881,447230242200,0.98
105560,KB금융,2026-07-14,104,189800,190200,179600,180000,2315220,416739600000,-3.33
105560,KB금융,2026-07-15,105,182800,185200,180000,181600,1769738,321384420800,0.89
105560,KB금융,2026-07-16,106,183700,187500,177500,181100,1299467,235333473700,-0.28
105560,KB금융,2026-07-20,107,180000,180000,165600,168800,1831119,309092887200,-6.79
105560,KB금융,2026-07-21,108,166700,174500,164100,174000,1022673,177945102000,3.08
105560,KB금융,2026-07-22,109,177700,179800,174200,175100,848625,148594237500,0.63
105560,KB금융,2026-07-23,110,175200,180100,174000,176300,1044277,184106035100,0.69
105560,KB금융,2026-07-24,111,174900,176400,165600,171500,1122770,192555055000,-2.72
105560,KB금융,2026-07-27,112,172500,175000,169600,172600,784284,135367418400,0.64
105560,KB금융,2026-07-28,113,171000,174200,163700,165200,1297643,214370623600,-4.29
105560,KB금융,2026-07-29,114,165300,170500,156000,160100,1626420,260389842000,-3.09
105560,KB금융,2026-07-30,115,160100,171700,160000,167400,1676656,280672214400,4.56
105560,KB금융,2026-07-31,116,167500,169300,161600,168500,1520142,256143927000,0.66
105560,KB금융,2026-08-03,117,168000,170600,164600,169500,921537,156200521500,0.59
105560,KB금융,2026-08-04,118,169800,170600,165800,168800,743858,125563230400,-0.41
105560,KB금융,2026-08-05,119,172000,176800,170400,170700,834785,142497799500,1.13
105560,KB금융,2026-08-06,120,172000,173200,169700,171500,729378,125088327000,0.47
105560,KB금융,2026-08-07,121,169200,176900,169200,175800,802418,141065084400,2.51
105560,KB금융,2026-08-10,122,174600,175400,168600,171700,690184,118504592800,-2.33
105560,KB금융,2026-08-11,123,172600,172700,166000,166600,1039635,173203191000,-2.97
105560,KB금융,2026-08-12,124,168200,170300,165600,166000,920851,152861266000,-0.36
105560,KB금융,2026-08-13,125,167400,170400,165800,168100,1281602,215437296200,1.27
105560,KB금융,2026-08-14,126,167100,169800,166400,168500,951351,160302643500,0.24
207940,삼성바이오로직스,2026-02-09,1,1704000,1717000,1676000,1694000,57218,96927292000,0.0
207940,삼성바이오로직스,2026-02-10,2,1705000,1740000,1691000,1710000,46371,79294410000,0.94
207940,삼성바이오로직스,2026-02-11,3,1732000,1743000,1710000,1712000,31291,53570192000,0.12
207940,삼성바이오로직스,2026-02-12,4,1727000,1728000,1707000,1719000,39569,68019111000,0.41
207940,삼성바이오로직스,2026-02-13,5,1710000,1715000,1702000,1710000,30115,51496650000,-0.52
207940,삼성바이오로직스,2026-02-19,6,1712000,1753000,1712000,1720000,40847,70256840000,0.58
207940,삼성바이오로직스,2026-02-20,7,1729000,1739000,1727000,1736000,32604,56600544000,0.93
207940,삼성바이오로직스,2026-02-23,8,1741000,1757000,1713000,1717000,67316,115581572000,-1.09
207940,삼성바이오로직스,2026-02-24,9,1747000,1747000,1719000,1723000,47116,81180868000,0.35
207940,삼성바이오로직스,2026-02-25,10,1723000,1732000,1715000,1728000,45641,78867648000,0.29
207940,삼성바이오로직스,2026-02-26,11,1728000,1775000,1728000,1766000,88413,156137358000,2.2
207940,삼성바이오로직스,2026-02-27,12,1760000,1778000,1741000,1778000,97725,173755050000,0.68
207940,삼성바이오로직스,2026-03-03,13,1775000,1775000,1679000,1681000,81261,136599741000,-5.46
207940,삼성바이오로직스,2026-03-04,14,1639000,1650000,1501000,1516000,83414,126455624000,-9.82
207940,삼성바이오로직스,2026-03-05,15,1626000,1669000,1588000,1647000,70178,115583166000,8.64
207940,삼성바이오로직스,2026-03-06,16,1614000,1668000,1599000,1644000,57347,94278468000,-0.18
207940,삼성바이오로직스,2026-03-09,17,1558000,1602000,1542000,1579000,56445,89126655000,-3.95
207940,삼성바이오로직스,2026-03-10,18,1638000,1640000,1579000,1592000,48257,76825144000,0.82
207940,삼성바이오로직스,2026-03-11,19,1630000,1693000,1626000,1657000,48088,79681816000,4.08
207940,삼성바이오로직스,2026-03-12,20,1650000,1650000,1610000,1625000,63692,103499500000,-1.93
207940,삼성바이오로직스,2026-03-13,21,1589000,1599000,1575000,1592000,42424,67539008000,-2.03
207940,삼성바이오로직스,2026-03-16,22,1590000,1590000,1551000,1568000,29984,47014912000,-1.51
207940,삼성바이오로직스,2026-03-17,23,1589000,1608000,1582000,1587000,29429,46703823000,1.21
207940,삼성바이오로직스,2026-03-18,24,1600000,1650000,1598000,1626000,50561,82212186000,2.46
207940,삼성바이오로직스,2026-03-19,25,1597000,1605000,1585000,1585000,30824,48856040000,-2.52
207940,삼성바이오로직스,2026-03-20,26,1599000,1631000,1595000,1601000,31941,51137541000,1.01
207940,삼성바이오로직스,2026-03-23,27,1556000,1562000,1523000,1523000,32660,49741180000,-4.87
207940,삼성바이오로직스,2026-03-24,28,1569000,1570000,1519000,1547000,27709,42865823000,1.58
207940,삼성바이오로직스,2026-03-25,29,1578000,1607000,1540000,1585000,35752,56666920000,2.46
207940,삼성바이오로직스,2026-03-26,30,1608000,1619000,1581000,1585000,30276,47987460000,0.0
207940,삼성바이오로직스,2026-03-27,31,1551000,1608000,1537000,1606000,27116,43548296000,1.32
207940,삼성바이오로직스,2026-03-30,32,1537000,1550000,1522000,1530000,34318,52506540000,-4.73
207940,삼성바이오로직스,2026-03-31,33,1515000,1588000,1480000,1504000,82617,124255968000,-1.7
207940,삼성바이오로직스,2026-04-01,34,1570000,1587000,1500000,1572000,51951,81666972000,4.52
207940,삼성바이오로직스,2026-04-02,35,1586000,1657000,1564000,1585000,77387,122658395000,0.83
207940,삼성바이오로직스,2026-04-03,36,1631000,1631000,1551000,1554000,27956,43443624000,-1.96
207940,삼성바이오로직스,2026-04-06,37,1560000,1582000,1545000,1555000,25964,40374020000,0.06
207940,삼성바이오로직스,2026-04-07,38,1555000,1613500,1555000,1586000,31451,49881286000,1.99
207940,삼성바이오로직스,2026-04-08,39,1659000,1660000,1591000,1598000,52453,83819894000,0.76
207940,삼성바이오로직스,2026-04-09,40,1598000,1619000,1578000,1580000,37749,59643420000,-1.13
207940,삼성바이오로직스,2026-04-10,41,1586000,1594000,1569500,1571000,30706,48239126000,-0.57
207940,삼성바이오로직스,2026-04-13,42,1564000,1564000,1542000,1550000,31922,49479100000,-1.34
207940,삼성바이오로직스,2026-04-14,43,1553000,1563000,1530000,1536000,67443,103592448000,-0.9
207940,삼성바이오로직스,2026-04-15,44,1555000,1619000,1554000,1602000,64483,103301766000,4.3
207940,삼성바이오로직스,2026-04-16,45,1602000,1625000,1602000,1616000,32491,52505456000,0.87
207940,삼성바이오로직스,2026-04-17,46,1612000,1613000,1591000,1601000,26261,42043861000,-0.93
207940,삼성바이오로직스,2026-04-20,47,1607000,1614000,1591000,1605000,25519,40957995000,0.25
207940,삼성바이오로직스,2026-04-21,48,1607000,1608000,1585000,1588000,47766,75852408000,-1.06
207940,삼성바이오로직스,2026-04-22,49,1584000,1597000,1557000,1561000,44657,69709577000,-1.7
207940,삼성바이오로직스,2026-04-23,50,1600000,1600000,1513000,1514000,139459,211140926000,-3.01
207940,삼성바이오로직스,2026-04-24,51,1525000,1533000,1514000,1528000,59422,90796816000,0.92
207940,삼성바이오로직스,2026-04-27,52,1528000,1529000,1509000,1509000,88430,133440870000,-1.24
207940,삼성바이오로직스,2026-04-28,53,1512000,1519000,1504000,1504000,40649,61136096000,-0.33
207940,삼성바이오로직스,2026-04-29,54,1512000,1515000,1472000,1473000,70039,103167447000,-2.06
207940,삼성바이오로직스,2026-04-30,55,1474000,1484000,1470000,1470000,44538,65470860000,-0.2
207940,삼성바이오로직스,2026-05-04,56,1485000,1486000,1460000,1485000,91513,135896805000,1.02
207940,삼성바이오로직스,2026-05-06,57,1497000,1498000,1469000,1480000,102714,152016720000,-0.34
207940,삼성바이오로직스,2026-05-07,58,1482000,1486000,1467000,1468000,66462,97566216000,-0.81
207940,삼성바이오로직스,2026-05-08,59,1470000,1485000,1455000,1472000,62693,92284096000,0.27
207940,삼성바이오로직스,2026-05-11,60,1470000,1471000,1454000,1458000,67575,98524350000,-0.95
207940,삼성바이오로직스,2026-05-12,61,1455000,1477000,1420000,1443000,84654,122155722000,-1.03
207940,삼성바이오로직스,2026-05-13,62,1443000,1459000,1402000,1410000,76826,108324660000,-2.29
207940,삼성바이오로직스,2026-05-14,63,1403000,1449000,1387000,1449000,75777,109800873000,2.77
207940,삼성바이오로직스,2026-05-15,64,1443000,1469000,1400000,1419000,82235,116691465000,-2.07
207940,삼성바이오로직스,2026-05-18,65,1415000,1415000,1356000,1386000,54234,75168324000,-2.33
207940,삼성바이오로직스,2026-05-19,66,1375000,1382000,1336000,1346000,68759,92549614000,-2.89
207940,삼성바이오로직스,2026-05-20,67,1347000,1361000,1300000,1337000,82110,109781070000,-0.67
207940,삼성바이오로직스,2026-05-21,68,1368000,1404000,1366000,1395000,50454,70383330000,4.34
207940,삼성바이오로직스,2026-05-22,69,1402000,1444000,1387000,1415000,65301,92400915000,1.43
207940,삼성바이오로직스,2026-05-26,70,1431000,1438000,1416000,1425000,44640,63612000000,0.71
207940,삼성바이오로직스,2026-05-27,71,1415000,1419000,1375000,1384000,45686,63229424000,-2.88
207940,삼성바이오로직스,2026-05-28,72,1393000,1405000,1340000,1373000,58500,80320500000,-0.79
207940,삼성바이오로직스,2026-05-29,73,1379000,1386000,1336000,1363000,128284,174851092000,-0.73
207940,삼성바이오로직스,2026-06-01,74,1356000,1400000,1344000,1377000,67442,92867634000,1.03
207940,삼성바이오로직스,2026-06-02,75,1363000,1401000,1350000,1367000,54844,74971748000,-0.73
207940,삼성바이오로직스,2026-06-04,76,1375000,1383000,1342000,1350000,69504,93830400000,-1.24
207940,삼성바이오로직스,2026-06-05,77,1377000,1408000,1329000,1340000,47701,63919340000,-0.74
207940,삼성바이오로직스,2026-06-08,78,1268000,1295000,1228000,1243000,78137,97124291000,-7.24
207940,삼성바이오로직스,2026-06-09,79,1255000,1307000,1238000,1296000,59718,77394528000,4.26
207940,삼성바이오로직스,2026-06-10,80,1291000,1305000,1253000,1298000,44562,57841476000,0.15
207940,삼성바이오로직스,2026-06-11,81,1270000,1310000,1244000,1286000,66303,85265658000,-0.92
207940,삼성바이오로직스,2026-06-12,82,1320000,1326000,1282000,1295000,54753,70905135000,0.7
207940,삼성바이오로직스,2026-06-15,83,1324000,1359000,1320000,1332000,43859,58420188000,2.86
207940,삼성바이오로직스,2026-06-16,84,1349000,1357000,1321000,1333000,40379,53825207000,0.08
207940,삼성바이오로직스,2026-06-17,85,1340000,1380500,1315000,1370000,60218,82498660000,2.78
207940,삼성바이오로직스,2026-06-18,86,1376000,1456000,1362000,1430000,113690,162576700000,4.38
207940,삼성바이오로직스,2026-06-19,87,1442000,1443000,1346000,1374000,99207,136310418000,-3.92
207940,삼성바이오로직스,2026-06-22,88,1374000,1374000,1290000,1295000,51541,66745595000,-5.75
207940,삼성바이오로직스,2026-06-23,89,1300000,1344000,1270000,1273000,61840,78722320000,-1.7
207940,삼성바이오로직스,2026-06-24,90,1290000,1396000,1258000,1385000,95518,132292430000,8.8
207940,삼성바이오로직스,2026-06-25,91,1383000,1428000,1361000,1386000,76241,105670026000,0.07
207940,삼성바이오로직스,2026-06-26,92,1401000,1402000,1309000,1343000,53490,71837070000,-3.1
207940,삼성바이오로직스,2026-06-29,93,1358000,1456000,1347000,1448000,85788,124221024000,7.82
207940,삼성바이오로직스,2026-06-30,94,1449000,1459000,1380000,1391000,74245,103274795000,-3.94
207940,삼성바이오로직스,2026-07-01,95,1419000,1419000,1352000,1396000,39712,55437952000,0.36
207940,삼성바이오로직스,2026-07-02,96,1397000,1450000,1353000,1406000,65143,91591058000,0.72
207940,삼성바이오로직스,2026-07-03,97,1438000,1460000,1401000,1421000,54162,76964202000,1.07
207940,삼성바이오로직스,2026-07-06,98,1421000,1422000,1373000,1405000,35577,49985685000,-1.13
207940,삼성바이오로직스,2026-07-07,99,1391000,1426000,1376000,1422000,51193,72796446000,1.21
207940,삼성바이오로직스,2026-07-08,100,1420000,1432000,1350000,1363000,48968,66743384000,-4.15
207940,삼성바이오로직스,2026-07-09,101,1378000,1379000,1304000,1325000,51344,68030800000,-2.79
207940,삼성바이오로직스,2026-07-10,102,1350000,1415000,1333000,1395000,43685,60940575000,5.28
207940,삼성바이오로직스,2026-07-13,103,1400000,1445000,1383000,1400000,45614,63859600000,0.36
207940,삼성바이오로직스,2026-07-14,104,1387000,1400000,1339000,1368000,65068,89013024000,-2.29
207940,삼성바이오로직스,2026-07-15,105,1384000,1418000,1376000,1383000,40849,56494167000,1.1
207940,삼성바이오로직스,2026-07-16,106,1389000,1408000,1355000,1396000,29974,41843704000,0.94
207940,삼성바이오로직스,2026-07-20,107,1428000,1428000,1341000,1345000,40527,54508815000,-3.65
207940,삼성바이오로직스,2026-07-21,108,1367000,1415000,1346000,1395000,51667,72075465000,3.72
207940,삼성바이오로직스,2026-07-22,109,1415000,1437000,1372000,1372000,37607,51596804000,-1.65
207940,삼성바이오로직스,2026-07-23,110,1399000,1414000,1360000,1379000,42385,58448915000,0.51
207940,삼성바이오로직스,2026-07-24,111,1380000,1537000,1380000,1518000,198056,300649008000,10.08
207940,삼성바이오로직스,2026-07-27,112,1499000,1575000,1486000,1545000,99652,153962340000,1.78
207940,삼성바이오로직스,2026-07-28,113,1533000,1575000,1512000,1549000,155654,241108046000,0.26
207940,삼성바이오로직스,2026-07-29,114,1544000,1561000,1435000,1479000,91074,134698446000,-4.52
207940,삼성바이오로직스,2026-07-30,115,1473000,1541000,1442000,1527000,83710,127825170000,3.25
207940,삼성바이오로직스,2026-07-31,116,1526000,1537000,1455000,1485000,90690,134674650000,-2.75
207940,삼성바이오로직스,2026-08-03,117,1473000,1473000,1411000,1423000,47113,67041799000,-4.18
207940,삼성바이오로직스,2026-08-04,118,1424000,1476000,1406000,1476000,51711,76325436000,3.72
207940,삼성바이오로직스,2026-08-05,119,1473000,1519000,1473000,1491000,52180,77800380000,1.02
207940,삼성바이오로직스,2026-08-06,120,1505000,1514000,1477000,1514000,48730,73777220000,1.54
207940,삼성바이오로직스,2026-08-07,121,1503000,1556000,1490000,1556000,51786,80579016000,2.77
207940,삼성바이오로직스,2026-08-10,122,1556000,1572000,1532000,1569000,42211,66229059000,0.84
207940,삼성바이오로직스,2026-08-11,123,1571000,1623000,1567000,1609000,69856,112398304000,2.55
207940,삼성바이오로직스,2026-08-12,124,1609000,1628000,1545000,1549000,69313,107365837000,-3.73
207940,삼성바이오로직스,2026-08-13,125,1556000,1571000,1531000,1564000,55792,87258688000,0.97
207940,삼성바이오로직스,2026-08-14,126,1557000,1574000,1546000,1548000,29916,46309968000,-1.02
247540,에코프로비엠,2026-02-09,1,204000,207000,197500,206500,899864,185821916000,0.0
247540,에코프로비엠,2026-02-10,2,207000,213000,201000,202000,447491,90393182000,-2.18
247540,에코프로비엠,2026-02-11,3,203500,207500,199900,200000,369839,73967800000,-0.99
247540,에코프로비엠,2026-02-12,4,201500,207500,198500,207000,575581,119145267000,3.5
247540,에코프로비엠,2026-02-13,5,203000,205000,195000,196100,817275,160267627500,-5.27
247540,에코프로비엠,2026-02-19,6,199300,215500,197050,214000,1095763,234493282000,9.13
247540,에코프로비엠,2026-02-20,7,217500,217500,209000,214000,416915,89219810000,0.0
247540,에코프로비엠,2026-02-23,8,218500,222500,207500,209500,557503,116796878500,-2.1
247540,에코프로비엠,2026-02-24,9,211500,214500,207000,213500,472468,100871918000,1.91
247540,에코프로비엠,2026-02-25,10,216000,220000,210750,216000,556738,120255408000,1.17
247540,에코프로비엠,2026-02-26,11,221500,224500,214000,219500,855441,187769299500,1.62
247540,에코프로비엠,2026-02-27,12,214000,225000,212500,221500,786277,174160355500,0.91
247540,에코프로비엠,2026-03-03,13,215500,224000,199500,199500,884982,176553909000,-9.93
247540,에코프로비엠,2026-03-04,14,188200,198000,165600,165600,1517050,251223480000,-16.99
247540,에코프로비엠,2026-03-05,15,183000,206000,183000,195400,1237046,241718788400,18.0
247540,에코프로비엠,2026-03-06,16,194600,205500,191300,202500,655517,132742192500,3.63
247540,에코프로비엠,2026-03-09,17,194800,206000,191000,202500,907354,183739185000,0.0
247540,에코프로비엠,2026-03-10,18,215500,215500,200000,203000,653625,132685875000,0.25
247540,에코프로비엠,2026-03-11,19,205500,207000,195500,197500,507330,100197675000,-2.71
247540,에코프로비엠,2026-03-12,20,195000,200500,191600,197700,683785,135184294500,0.1
247540,에코프로비엠,2026-03-13,21,189000,191800,185300,191300,747253,142949498900,-3.24
247540,에코프로비엠,2026-03-16,22,189700,192300,181300,187400,605477,113466389800,-2.04
247540,에코프로비엠,2026-03-17,23,191300,196900,188400,193500,476351,92173918500,3.26
247540,에코프로비엠,2026-03-18,24,196900,197000,193500,196500,324967,63856015500,1.55
247540,에코프로비엠,2026-03-19,25,190200,196000,189500,189700,439588,83389843600,-3.46
247540,에코프로비엠,2026-03-20,26,190800,193000,188800,191900,410787,78830025300,1.16
247540,에코프로비엠,2026-03-23,27,183800,184300,178300,179100,461538,82661455800,-6.67
247540,에코프로비엠,2026-03-24,28,186800,196900,185700,193000,615748,118839364000,7.76
247540,에코프로비엠,2026-03-25,29,193400,204000,193200,203000,505161,102547683000,5.18
247540,에코프로비엠,2026-03-26,30,202000,207000,197400,198900,374921,74571786900,-2.02
247540,에코프로비엠,2026-03-27,31,193900,206000,188700,202500,499114,101070585000,1.81
247540,에코프로비엠,2026-03-30,32,196500,206000,196300,203500,404454,82306389000,0.49
247540,에코프로비엠,2026-03-31,33,205000,205500,192200,192200,603090,115913898000,-5.55
247540,에코프로비엠,2026-04-01,34,202000,204000,197500,202000,410700,82961400000,5.1
247540,에코프로비엠,2026-04-02,35,202500,211000,193700,196900,728719,143484771100,-2.52
247540,에코프로비엠,2026-04-03,36,199500,200500,190000,192600,470485,90615411000,-2.18
247540,에코프로비엠,2026-04-06,37,192600,204000,192600,199900,579226,115787277400,3.79
247540,에코프로비엠,2026-04-07,38,199700,211000,198700,201500,542160,109245240000,0.8
247540,에코프로비엠,2026-04-08,39,212500,214500,205000,208500,585119,121997311500,3.47
247540,에코프로비엠,2026-04-09,40,207500,209750,200000,206000,574238,118293028000,-1.2
247540,에코프로비엠,2026-04-10,41,207000,207000,201500,201500,267837,53969155500,-2.18
247540,에코프로비엠,2026-04-13,42,201500,204500,199000,199000,286581,57029619000,-1.24
247540,에코프로비엠,2026-04-14,43,203500,204500,197700,197800,306781,60681281800,-0.6
247540,에코프로비엠,2026-04-15,44,202000,206000,200000,202500,370153,74955982500,2.38
247540,에코프로비엠,2026-04-16,45,207000,209500,203000,205000,351483,72054015000,1.23
247540,에코프로비엠,2026-04-17,46,205500,211500,204000,208000,575204,119642432000,1.46
247540,에코프로비엠,2026-04-20,47,208000,213000,204500,210000,468514,98387940000,0.96
247540,에코프로비엠,2026-04-21,48,214000,220500,211000,220500,962694,212274027000,5.0
247540,에코프로비엠,2026-04-22,49,222500,222500,212500,218000,744134,162221212000,-1.13
247540,에코프로비엠,2026-04-23,50,219000,219500,203500,205500,704169,144706729500,-5.73
247540,에코프로비엠,2026-04-24,51,207500,209500,204000,208000,388962,80904096000,1.22
247540,에코프로비엠,2026-04-27,52,208500,210500,205000,207500,345978,71790435000,-0.24
247540,에코프로비엠,2026-04-28,53,211000,216000,209000,213500,500672,106893472000,2.89
247540,에코프로비엠,2026-04-29,54,211000,219000,207500,212500,589037,125170362500,-0.47
247540,에코프로비엠,2026-04-30,55,214000,214000,206000,206000,496622,102304132000,-3.06
247540,에코프로비엠,2026-05-04,56,211500,218000,210000,215500,597043,128662766500,4.61
247540,에코프로비엠,2026-05-06,57,218000,229500,214000,228500,974039,222567911500,6.03
247540,에코프로비엠,2026-05-07,58,229500,243500,225500,235500,1140239,268526284500,3.06
247540,에코프로비엠,2026-05-08,59,235500,243500,228000,237500,629179,149430012500,0.85
247540,에코프로비엠,2026-05-11,60,236500,236500,218500,222000,829855,184227810000,-6.53
247540,에코프로비엠,2026-05-12,61,223500,227000,203000,205500,992424,203943132000,-7.43
247540,에코프로비엠,2026-05-13,62,203000,205000,194700,197100,666130,131294223000,-4.09
247540,에코프로비엠,2026-05-14,63,205500,209000,195100,209000,807776,168825184000,6.04
247540,에코프로비엠,2026-05-15,64,208000,215500,188200,190500,825029,157168024500,-8.85
247540,에코프로비엠,2026-05-18,65,191000,194500,184100,190400,577686,109991414400,-0.05
247540,에코프로비엠,2026-05-19,66,192000,196600,181500,182400,580567,105895420800,-4.2
247540,에코프로비엠,2026-05-20,67,181000,182800,174900,176700,557955,98590648500,-3.12
247540,에코프로비엠,2026-05-21,68,183700,199400,182100,195000,560937,109382715000,10.36
247540,에코프로비엠,2026-05-22,69,200000,219750,200000,216000,1141061,246469176000,10.77
247540,에코프로비엠,2026-05-26,70,225000,235500,218000,220000,920419,202492180000,1.85
247540,에코프로비엠,2026-05-27,71,218000,227500,213000,213500,659252,140750302000,-2.95
247540,에코프로비엠,2026-05-28,72,222500,223000,206500,218500,771344,168538664000,2.34
247540,에코프로비엠,2026-05-29,73,217500,217500,210000,217000,1318811,286181987000,-0.69
247540,에코프로비엠,2026-06-01,74,215000,215000,205000,207000,662016,137037312000,-4.61
247540,에코프로비엠,2026-06-02,75,203500,218000,197900,198000,867237,171712926000,-4.35
247540,에코프로비엠,2026-06-04,76,201500,209000,196200,197400,656199,129533682600,-0.3
247540,에코프로비엠,2026-06-05,77,197500,198000,180100,180100,772457,139119505700,-8.76
247540,에코프로비엠,2026-06-08,78,170000,171400,158500,159700,651414,104030815800,-11.33
247540,에코프로비엠,2026-06-09,79,161900,171800,160500,167600,663769,111247684400,4.95
247540,에코프로비엠,2026-06-10,80,166000,172700,161000,164500,536210,88206545000,-1.85
247540,에코프로비엠,2026-06-11,81,159900,164300,155500,164300,898577,147636201100,-0.12
247540,에코프로비엠,2026-06-12,82,172200,178600,168100,170000,642248,109182160000,3.47
247540,에코프로비엠,2026-06-15,83,178400,186500,176900,186500,510682,95242193000,9.71
247540,에코프로비엠,2026-06-16,84,185900,186400,179100,179500,472518,84816981000,-3.75
247540,에코프로비엠,2026-06-17,85,182600,183100,177000,180000,361009,64981620000,0.28
247540,에코프로비엠,2026-06-18,86,178300,179400,170200,172300,516097,88923513100,-4.28
247540,에코프로비엠,2026-06-19,87,171400,175600,164700,169400,905391,153373235400,-1.68
247540,에코프로비엠,2026-06-22,88,169400,171500,162600,166700,480379,80079179300,-1.59
247540,에코프로비엠,2026-06-23,89,165400,170800,150400,150900,683987,103213638300,-9.48
247540,에코프로비엠,2026-06-24,90,150200,156500,146000,152500,521863,79584107500,1.06
247540,에코프로비엠,2026-06-25,91,152200,156200,142900,144000,536834,77304096000,-5.57
247540,에코프로비엠,2026-06-26,92,142300,143900,129600,133700,797620,106641794000,-7.15
247540,에코프로비엠,2026-06-29,93,133000,156500,132400,154500,952726,147196167000,15.56
247540,에코프로비엠,2026-06-30,94,154600,154600,142500,142500,984155,140242087500,-7.77
247540,에코프로비엠,2026-07-01,95,134300,142500,129500,132700,1507199,200005307300,-6.88
247540,에코프로비엠,2026-07-02,96,129800,130800,122600,125500,661857,83063053500,-5.43
247540,에코프로비엠,2026-07-03,97,123000,125300,115300,124400,581378,72323423200,-0.88
247540,에코프로비엠,2026-07-06,98,124500,125200,117300,121700,388813,47318542100,-2.17
247540,에코프로비엠,2026-07-07,99,120600,125700,117500,120200,486586,58487637200,-1.23
247540,에코프로비엠,2026-07-08,100,117500,119800,111900,112600,516352,58141235200,-6.32
247540,에코프로비엠,2026-07-09,101,113300,117900,109400,111500,780559,87032328500,-0.98
247540,에코프로비엠,2026-07-10,102,113800,123400,113800,121600,565475,68761760000,9.06
247540,에코프로비엠,2026-07-13,103,123000,126900,117800,119800,571074,68414665200,-1.48
247540,에코프로비엠,2026-07-14,104,118700,120700,108100,112600,494046,55629579600,-6.01
247540,에코프로비엠,2026-07-15,105,116100,124000,116100,120900,426284,51537735600,7.37
247540,에코프로비엠,2026-07-16,106,120000,121500,111700,112400,290976,32705702400,-7.03
247540,에코프로비엠,2026-07-20,107,109900,110600,103100,104100,314459,32735181900,-7.38
247540,에코프로비엠,2026-07-21,108,103000,107300,101600,105900,288501,30552255900,1.73
247540,에코프로비엠,2026-07-22,109,109500,113000,107500,107500,300529,32306867500,1.51
247540,에코프로비엠,2026-07-23,110,108100,118400,107000,118200,353716,41809231200,9.95
247540,에코프로비엠,2026-07-24,111,114700,115200,108100,108300,308723,33434700900,-8.38
247540,에코프로비엠,2026-07-27,112,113400,113400,108000,110500,280334,30976907000,2.03
247540,에코프로비엠,2026-07-28,113,106400,107800,99600,101800,319884,32564191200,-7.87
247540,에코프로비엠,2026-07-29,114,102300,104800,88300,92600,583750,54055250000,-9.04
247540,에코프로비엠,2026-07-30,115,90300,102700,90300,96500,534615,51590347500,4.21
247540,에코프로비엠,2026-07-31,116,101600,105200,98000,103500,497654,51507189000,7.25
247540,에코프로비엠,2026-08-03,117,98700,100700,90400,96800,649492,62870825600,-6.47
247540,에코프로비엠,2026-08-04,118,97100,103800,97100,102500,556835,57075587500,5.89
247540,에코프로비엠,2026-08-05,119,105000,106200,100500,101700,454007,46172511900,-0.78
247540,에코프로비엠,2026-08-06,120,100400,104400,98300,102500,397836,40778190000,0.79
247540,에코프로비엠,2026-08-07,121,106700,111700,100600,107000,505842,54125094000,4.39
247540,에코프로비엠,2026-08-10,122,107900,115400,105600,114800,477817,54853391600,7.29
247540,에코프로비엠,2026-08-11,123,114000,116600,108100,109800,442475,48583755000,-4.36
247540,에코프로비엠,2026-08-12,124,110100,114400,107500,114400,297511,34035258400,4.19
247540,에코프로비엠,2026-08-13,125,114800,116800,111700,114500,384619,44038875500,0.09
247540,에코프로비엠,2026-08-14,126,115800,120200,112900,116700,345739,40347741300,1.92
329180,HD현대중공업,2026-02-09,1,560000,561000,532000,540000,207410,112001400000,0.0
329180,HD현대중공업,2026-02-10,2,547000,551000,525000,534000,379930,202882620000,-1.11
329180,HD현대중공업,2026-02-11,3,538000,543000,529000,537000,184457,99053409000,0.56
329180,HD현대중공업,2026-02-12,4,543000,552000,537000,539000,246531,132880209000,0.37
329180,HD현대중공업,2026-02-13,5,537000,555000,532000,543000,280535,152330505000,0.74
329180,HD현대중공업,2026-02-19,6,570000,594000,564000,574000,278184,159677616000,5.71
329180,HD현대중공업,2026-02-20,7,584000,605000,570000,602000,333710,200893420000,4.88
329180,HD현대중공업,2026-02-23,8,605000,611000,588000,607000,227875,138320125000,0.83
329180,HD현대중공업,2026-02-24,9,599000,600000,583000,596000,281793,167948628000,-1.81
329180,HD현대중공업,2026-02-25,10,598000,600000,588000,594000,184053,109327482000,-0.34
329180,HD현대중공업,2026-02-26,11,590000,592000,578000,592000,231458,137023136000,-0.34
329180,HD현대중공업,2026-02-27,12,599000,620000,595000,603000,424522,255986766000,1.86
329180,HD현대중공업,2026-03-03,13,609000,630000,589000,590000,416330,245634700000,-2.16
329180,HD현대중공업,2026-03-04,14,568000,574000,503000,511000,481480,246036280000,-13.39
329180,HD현대중공업,2026-03-05,15,560000,565000,545000,559000,251920,140823280000,9.39
329180,HD현대중공업,2026-03-06,16,538000,564000,536000,554000,202506,112188324000,-0.89
329180,HD현대중공업,2026-03-09,17,524000,580000,521000,576000,362474,208785024000,3.97
329180,HD현대중공업,2026-03-10,18,586000,589000,564000,583000,265047,154522401000,1.22
329180,HD현대중공업,2026-03-11,19,595000,611000,585000,590000,256643,151419370000,1.2
329180,HD현대중공업,2026-03-12,20,588000,608000,582000,604000,270605,163445420000,2.37
329180,HD현대중공업,2026-03-13,21,600000,604000,588000,596000,187775,111913900000,-1.32
329180,HD현대중공업,2026-03-16,22,592000,594000,576000,583000,153623,89562209000,-2.18
329180,HD현대중공업,2026-03-17,23,587000,596000,583000,587000,164715,96687705000,0.69
329180,HD현대중공업,2026-03-18,24,596000,598000,578000,590000,231091,136343690000,0.51
329180,HD현대중공업,2026-03-19,25,580000,584000,566000,567000,173145,98173215000,-3.9
329180,HD현대중공업,2026-03-20,26,569000,572000,555000,559000,269023,150383857000,-1.41
329180,HD현대중공업,2026-03-23,27,535000,539000,502000,502000,282229,141678958000,-10.2
329180,HD현대중공업,2026-03-24,28,527000,528000,497000,516000,194214,100214424000,2.79
329180,HD현대중공업,2026-03-25,29,524000,526000,505000,523000,262835,137462705000,1.36
329180,HD현대중공업,2026-03-26,30,529000,529000,509000,511000,179100,91520100000,-2.29
329180,HD현대중공업,2026-03-27,31,494000,500000,480000,498500,227698,113507453000,-2.45
329180,HD현대중공업,2026-03-30,32,466000,485000,460500,480000,226431,108686880000,-3.71
329180,HD현대중공업,2026-03-31,33,480000,488000,463500,465000,285931,132957915000,-3.12
329180,HD현대중공업,2026-04-01,34,456500,460500,428000,451500,1929070,870975105000,-2.9
329180,HD현대중공업,2026-04-02,35,467000,468500,435000,439000,662311,290754529000,-2.77
329180,HD현대중공업,2026-04-03,36,452500,490000,447000,479500,743866,356683747000,9.23
329180,HD현대중공업,2026-04-06,37,476500,489500,470000,471000,236776,111521496000,-1.77
329180,HD현대중공업,2026-04-07,38,473000,490750,463000,470000,220132,103462040000,-0.21
329180,HD현대중공업,2026-04-08,39,489500,498500,480500,484500,366294,177469443000,3.09
329180,HD현대중공업,2026-04-09,40,489000,490000,470500,470500,500179,235334219500,-2.89
329180,HD현대중공업,2026-04-10,41,475500,484000,473500,475000,204629,97198775000,0.96
329180,HD현대중공업,2026-04-13,42,468000,474500,461500,463000,238785,110557455000,-2.53
329180,HD현대중공업,2026-04-14,43,470000,479000,467500,479000,240291,115099389000,3.46
329180,HD현대중공업,2026-04-15,44,487500,490000,474000,474500,315360,149638320000,-0.94
329180,HD현대중공업,2026-04-16,45,481000,502000,480000,493500,377091,186094408500,4.0
329180,HD현대중공업,2026-04-17,46,501000,517000,490000,514000,513950,264170300000,4.15
329180,HD현대중공업,2026-04-20,47,524000,528000,511000,524000,354254,185629096000,1.95
329180,HD현대중공업,2026-04-21,48,532000,578000,529000,576000,768569,442695744000,9.92
329180,HD현대중공업,2026-04-22,49,577000,643000,564000,641000,1396507,895160987000,11.28
329180,HD현대중공업,2026-04-23,50,638000,656000,613000,641000,907417,581654297000,0.0
329180,HD현대중공업,2026-04-24,51,658000,675000,646000,671000,597616,401000336000,4.68
329180,HD현대중공업,2026-04-27,52,685000,697000,663000,673000,529913,356631449000,0.3
329180,HD현대중공업,2026-04-28,53,664000,670000,650000,667000,422174,281590058000,-0.89
329180,HD현대중공업,2026-04-29,54,659000,710000,649000,690000,648727,447621630000,3.45
329180,HD현대중공업,2026-04-30,55,688000,696000,679000,685000,408185,279606725000,-0.72
329180,HD현대중공업,2026-05-04,56,699000,706000,675000,680000,426626,290105680000,-0.73
329180,HD현대중공업,2026-05-06,57,679000,679000,644000,648000,649003,420553944000,-4.71
329180,HD현대중공업,2026-05-07,58,658000,705000,655000,693000,809696,561119328000,6.94
329180,HD현대중공업,2026-05-08,59,687000,696000,645000,658000,620979,408604182000,-5.05
329180,HD현대중공업,2026-05-11,60,666000,698000,665000,685000,573817,393064645000,4.1
329180,HD현대중공업,2026-05-12,61,699000,734000,675000,707000,892919,631293733000,3.21
329180,HD현대중공업,2026-05-13,62,712000,733000,697000,733000,490926,359848758000,3.68
329180,HD현대중공업,2026-05-14,63,723000,724000,669000,671000,705246,473220066000,-8.46
329180,HD현대중공업,2026-05-15,64,678000,679000,620000,640000,600876,384560640000,-4.62
329180,HD현대중공업,2026-05-18,65,625000,634000,590000,615000,411579,253121085000,-3.91
329180,HD현대중공업,2026-05-19,66,621000,639000,590000,598000,379693,227056414000,-2.76
329180,HD현대중공업,2026-05-20,67,605000,643000,601000,636000,683917,434971212000,6.35
329180,HD현대중공업,2026-05-21,68,646000,689000,631000,672000,488545,328302240000,5.66
329180,HD현대중공업,2026-05-22,69,685000,695000,667000,680000,296191,201409880000,1.19
329180,HD현대중공업,2026-05-26,70,696000,763000,689000,745000,728849,542992505000,9.56
329180,HD현대중공업,2026-05-27,71,749000,765000,720000,744000,551084,410006496000,-0.13
329180,HD현대중공업,2026-05-28,72,744000,760000,685000,704000,493828,347654912000,-5.38
329180,HD현대중공업,2026-05-29,73,720000,723000,690000,696000,817753,569156088000,-1.14
329180,HD현대중공업,2026-06-01,74,700000,719000,684000,684000,446190,305193960000,-1.72
329180,HD현대중공업,2026-06-02,75,679000,702000,645000,673000,662308,445733284000,-1.61
329180,HD현대중공업,2026-06-04,76,684000,694000,651000,651000,354983,231093933000,-3.27
329180,HD현대중공업,2026-06-05,77,649000,679000,645000,664000,384815,255517160000,2.0
329180,HD현대중공업,2026-06-08,78,640000,653000,616000,621000,401352,249239592000,-6.48
329180,HD현대중공업,2026-06-09,79,625000,633000,604000,612000,339664,207874368000,-1.45
329180,HD현대중공업,2026-06-10,80,613000,653000,609000,641000,456793,292804313000,4.74
329180,HD현대중공업,2026-06-11,81,638000,659000,609000,646000,539382,348440772000,0.78
329180,HD현대중공업,2026-06-12,82,667000,678000,644000,650000,430367,279738550000,0.62
329180,HD현대중공업,2026-06-15,83,678000,719000,671000,714000,395308,282249912000,9.85
329180,HD현대중공업,2026-06-16,84,705000,719000,690000,698000,264093,184336914000,-2.24
329180,HD현대중공업,2026-06-17,85,702000,738000,693000,707000,340503,240735621000,1.29
329180,HD현대중공업,2026-06-18,86,706000,726000,681000,684000,361327,247147668000,-3.25
329180,HD현대중공업,2026-06-19,87,684000,684000,650000,667000,542683,361969561000,-2.49
329180,HD현대중공업,2026-06-22,88,667000,674000,630500,636000,319861,203431596000,-4.65
329180,HD현대중공업,2026-06-23,89,645000,654000,588000,588000,351455,206655540000,-7.55
329180,HD현대중공업,2026-06-24,90,595000,603000,577000,587000,269684,158304508000,-0.17
329180,HD현대중공업,2026-06-25,91,598000,617000,581000,582000,225014,130958148000,-0.85
329180,HD현대중공업,2026-06-26,92,578000,582000,549000,564000,316742,178642488000,-3.09
329180,HD현대중공업,2026-06-29,93,567000,600000,549000,592000,311351,184319792000,4.96
329180,HD현대중공업,2026-06-30,94,601000,623000,576000,592000,355469,210437648000,0.0
329180,HD현대중공업,2026-07-01,95,601000,622000,587000,615000,297110,182722650000,3.89
329180,HD현대중공업,2026-07-02,96,610000,615000,580000,590000,253877,149787430000,-4.07
329180,HD현대중공업,2026-07-03,97,588000,591000,561000,577000,248576,143428352000,-2.2
329180,HD현대중공업,2026-07-06,98,585000,606000,562000,583000,217102,126570466000,1.04
329180,HD현대중공업,2026-07-07,99,558000,564000,524000,552000,407829,225121608000,-5.32
329180,HD현대중공업,2026-07-08,100,544000,547000,504000,517000,405507,209647119000,-6.34
329180,HD현대중공업,2026-07-09,101,519000,533000,495500,507000,401921,203773947000,-1.93
329180,HD현대중공업,2026-07-10,102,510000,524000,500000,504000,254741,128389464000,-0.59
329180,HD현대중공업,2026-07-13,103,508000,518000,484500,487500,278839,135934012500,-3.27
329180,HD현대중공업,2026-07-14,104,486000,486500,453000,466000,525151,244720366000,-4.41
329180,HD현대중공업,2026-07-15,105,475500,486000,456000,471000,447502,210773442000,1.07
329180,HD현대중공업,2026-07-16,106,475500,489000,463500,484000,278722,134901448000,2.76
329180,HD현대중공업,2026-07-20,107,477500,479500,445000,448500,288950,129594075000,-7.33
329180,HD현대중공업,2026-07-21,108,443000,452500,437000,451500,263320,118888980000,0.67
329180,HD현대중공업,2026-07-22,109,457000,474500,455500,464500,243693,113195398500,2.88
329180,HD현대중공업,2026-07-23,110,464500,502000,464500,498000,264343,131642814000,7.21
329180,HD현대중공업,2026-07-24,111,491500,507000,481000,485500,194400,94381200000,-2.51
329180,HD현대중공업,2026-07-27,112,490500,502000,475500,486500,128891,62705471500,0.21
329180,HD현대중공업,2026-07-28,113,476000,476000,445500,451000,357603,161278953000,-7.3
329180,HD현대중공업,2026-07-29,114,455500,460000,411500,434000,477944,207427696000,-3.77
329180,HD현대중공업,2026-07-30,115,425500,465000,425500,448000,344404,154292992000,3.23
329180,HD현대중공업,2026-07-31,116,465000,484000,452000,481000,283486,136356766000,7.37
329180,HD현대중공업,2026-08-03,117,471500,481000,463000,470500,134192,63137336000,-2.18
329180,HD현대중공업,2026-08-04,118,469500,485000,468000,483000,153157,73974831000,2.66
329180,HD현대중공업,2026-08-05,119,496000,513000,488500,509000,261380,133042420000,5.38
329180,HD현대중공업,2026-08-06,120,510000,523000,494000,507000,147612,74839284000,-0.39
329180,HD현대중공업,2026-08-07,121,508000,515000,489000,506000,151426,76621556000,-0.2
329180,HD현대중공업,2026-08-10,122,507000,542000,505000,532000,428788,228115216000,5.14
329180,HD현대중공업,2026-08-11,123,537000,542000,502000,503000,248198,124843594000,-5.45
329180,HD현대중공업,2026-08-12,124,505000,505000,481500,496000,268993,133420528000,-1.39
329180,HD현대중공업,2026-08-13,125,502000,511000,494000,496000,401809,199297264000,0.0
329180,HD현대중공업,2026-08-14,126,509000,517000,500000,510000,217718,111036180000,2.82
373220,LG에너지솔루션,2026-02-09,1,398000,401500,388000,394500,230057,90757486500,0.0
373220,LG에너지솔루션,2026-02-10,2,397500,399000,386500,390500,302157,117992308500,-1.01
373220,LG에너지솔루션,2026-02-11,3,393500,397500,388000,392000,187479,73491768000,0.38
373220,LG에너지솔루션,2026-02-12,4,400000,411000,393000,410000,583824,239367840000,4.59
373220,LG에너지솔루션,2026-02-13,5,404000,404500,394500,395000,321449,126972355000,-3.66
373220,LG에너지솔루션,2026-02-19,6,399500,403500,395500,403500,267049,107754271500,2.15
373220,LG에너지솔루션,2026-02-20,7,403500,406500,400000,401500,219069,87956203500,-0.5
373220,LG에너지솔루션,2026-02-23,8,403500,405000,395500,396000,268719,106412724000,-1.37
373220,LG에너지솔루션,2026-02-24,9,407000,416500,403000,412500,588995,242960437500,4.17
373220,LG에너지솔루션,2026-02-25,10,417500,429000,409000,426000,650523,277122798000,3.27
373220,LG에너지솔루션,2026-02-26,11,431500,440000,419000,427000,540625,230846875000,0.23
373220,LG에너지솔루션,2026-02-27,12,420000,434000,415500,427000,591387,252522249000,0.0
373220,LG에너지솔루션,2026-03-03,13,414500,418000,389000,393000,489727,192462711000,-7.96
373220,LG에너지솔루션,2026-03-04,14,380000,390000,346000,347500,826847,287329332500,-11.58
373220,LG에너지솔루션,2026-03-05,15,376500,382000,366000,371500,541523,201175794500,6.91
373220,LG에너지솔루션,2026-03-06,16,372000,382500,365000,377500,350799,132426622500,1.62
373220,LG에너지솔루션,2026-03-09,17,360000,364500,350500,359500,414051,148851334500,-4.77
373220,LG에너지솔루션,2026-03-10,18,375500,376500,360000,367000,298332,109487844000,2.09
373220,LG에너지솔루션,2026-03-11,19,375000,380750,367000,369500,263280,97281960000,0.68
373220,LG에너지솔루션,2026-03-12,20,369500,384000,367000,384000,345803,132788352000,3.92
373220,LG에너지솔루션,2026-03-13,21,370000,372500,363500,369000,370087,136562103000,-3.91
373220,LG에너지솔루션,2026-03-16,22,368500,373000,363500,366000,280349,102607734000,-0.81
373220,LG에너지솔루션,2026-03-17,23,371000,380500,370000,380500,345242,131364581000,3.96
373220,LG에너지솔루션,2026-03-18,24,390500,390500,381500,383500,279721,107273003500,0.79
373220,LG에너지솔루션,2026-03-19,25,374500,378500,371000,371000,213253,79116863000,-3.26
373220,LG에너지솔루션,2026-03-20,26,377000,378000,372000,375500,200932,75449966000,1.21
373220,LG에너지솔루션,2026-03-23,27,362000,365000,355000,356000,302070,107536920000,-5.19
373220,LG에너지솔루션,2026-03-24,28,371500,392500,368000,392500,656541,257692342500,10.25
373220,LG에너지솔루션,2026-03-25,29,392000,400000,386500,394000,352715,138969710000,0.38
373220,LG에너지솔루션,2026-03-26,30,392500,393000,380000,384500,274503,105546403500,-2.41
373220,LG에너지솔루션,2026-03-27,31,374000,396000,366000,394500,372863,147094453500,2.6
373220,LG에너지솔루션,2026-03-30,32,379500,414000,377000,410000,747897,306637770000,3.93
373220,LG에너지솔루션,2026-03-31,33,406000,410000,390500,394500,518297,204468166500,-3.78
373220,LG에너지솔루션,2026-04-01,34,409500,410000,393500,407000,343583,139838281000,3.17
373220,LG에너지솔루션,2026-04-02,35,407500,421500,399500,404500,532803,215518813500,-0.61
373220,LG에너지솔루션,2026-04-03,36,410000,414500,396500,398500,254074,101248489000,-1.48
373220,LG에너지솔루션,2026-04-06,37,399500,418000,399500,412500,393045,162131062500,3.51
373220,LG에너지솔루션,2026-04-07,38,408000,423000,406000,408500,311134,127098239000,-0.97
373220,LG에너지솔루션,2026-04-08,39,419500,422000,400500,406000,521932,211904392000,-0.61
373220,LG에너지솔루션,2026-04-09,40,408000,422000,403000,421000,719468,302896028000,3.69
373220,LG에너지솔루션,2026-04-10,41,421000,421000,410500,412000,273394,112638328000,-2.14
373220,LG에너지솔루션,2026-04-13,42,409500,414500,399000,401500,218403,87688804500,-2.55
373220,LG에너지솔루션,2026-04-14,43,406500,406500,399500,400000,269254,107701600000,-0.37
373220,LG에너지솔루션,2026-04-15,44,406000,412000,403500,408000,272401,111139608000,2.0
373220,LG에너지솔루션,2026-04-16,45,412000,416500,408500,416000,317064,131898624000,1.96
373220,LG에너지솔루션,2026-04-17,46,415500,422000,412000,418000,336530,140669540000,0.48
373220,LG에너지솔루션,2026-04-20,47,419500,435500,416500,429000,563779,241861191000,2.63
373220,LG에너지솔루션,2026-04-21,48,441500,478000,434000,478000,1363543,651773554000,11.42
373220,LG에너지솔루션,2026-04-22,49,491500,493000,468000,484500,880220,426466590000,1.36
373220,LG에너지솔루션,2026-04-23,50,481500,484000,460000,466500,529996,247243134000,-3.72
373220,LG에너지솔루션,2026-04-24,51,473000,486000,464000,481000,402718,193707358000,3.11
373220,LG에너지솔루션,2026-04-27,52,478500,481000,461000,464000,433687,201230768000,-3.53
373220,LG에너지솔루션,2026-04-28,53,471500,478000,465000,472000,431570,203701040000,1.72
373220,LG에너지솔루션,2026-04-29,54,472000,476000,464000,473000,306780,145106940000,0.21
373220,LG에너지솔루션,2026-04-30,55,471000,471500,457000,460500,485223,223445191500,-2.64
373220,LG에너지솔루션,2026-05-04,56,469000,478000,461000,472000,425260,200722720000,2.5
373220,LG에너지솔루션,2026-05-06,57,476000,486500,466000,482000,589631,284202142000,2.12
373220,LG에너지솔루션,2026-05-07,58,482000,483000,464000,483000,463457,223849731000,0.21
373220,LG에너지솔루션,2026-05-08,59,479500,489500,471500,476500,353449,168418448500,-1.35
373220,LG에너지솔루션,2026-05-11,60,478000,478500,463000,468000,407574,190744632000,-1.78
373220,LG에너지솔루션,2026-05-12,61,470000,480000,430500,443000,668326,296068418000,-5.34
373220,LG에너지솔루션,2026-05-13,62,443500,445000,425000,430000,455234,195750620000,-2.93
373220,LG에너지솔루션,2026-05-14,63,447000,447000,432000,442000,368128,162712576000,2.79
373220,LG에너지솔루션,2026-05-15,64,450000,470000,410500,417000,798242,332866914000,-5.66
373220,LG에너지솔루션,2026-05-18,65,414500,416500,391500,408000,373359,152330472000,-2.16
373220,LG에너지솔루션,2026-05-19,66,411000,416000,389500,400000,376633,150653200000,-1.96
373220,LG에너지솔루션,2026-05-20,67,404000,406000,382000,384500,411862,158360939000,-3.88
373220,LG에너지솔루션,2026-05-21,68,397500,401000,391000,401000,300978,120692178000,4.29
373220,LG에너지솔루션,2026-05-22,69,411500,416000,394500,398500,435706,173628841000,-0.62
373220,LG에너지솔루션,2026-05-26,70,408000,411000,397000,399500,321431,128411684500,0.25
373220,LG에너지솔루션,2026-05-27,71,400500,404000,383000,383500,463463,177738060500,-4.01
373220,LG에너지솔루션,2026-05-28,72,429500,447000,413000,442000,1665103,735975526000,15.25
373220,LG에너지솔루션,2026-05-29,73,444500,465000,432000,458000,1287237,589554546000,3.62
373220,LG에너지솔루션,2026-06-01,74,469500,476000,446000,455000,778389,354166995000,-0.66
373220,LG에너지솔루션,2026-06-02,75,458500,497500,438000,442500,1496902,662379135000,-2.75
373220,LG에너지솔루션,2026-06-04,76,448000,463000,413500,422000,708012,298781064000,-4.63
373220,LG에너지솔루션,2026-06-05,77,422500,428500,405500,414000,445122,184280508000,-1.9
373220,LG에너지솔루션,2026-06-08,78,388500,404000,383000,388500,422550,164160675000,-6.16
373220,LG에너지솔루션,2026-06-09,79,393500,401500,385500,396500,420962,166911433000,2.06
373220,LG에너지솔루션,2026-06-10,80,393000,407000,375000,385500,354289,136578409500,-2.77
373220,LG에너지솔루션,2026-06-11,81,377000,392000,367000,384500,450781,173325294500,-0.26
373220,LG에너지솔루션,2026-06-12,82,399500,414000,392000,400000,460043,184017200000,4.03
373220,LG에너지솔루션,2026-06-15,83,412000,425000,407000,420500,312604,131449982000,5.12
373220,LG에너지솔루션,2026-06-16,84,423000,423500,406500,410500,327489,134434234500,-2.38
373220,LG에너지솔루션,2026-06-17,85,414000,421500,406000,416000,224023,93193568000,1.34
373220,LG에너지솔루션,2026-06-18,86,411500,415000,398000,400000,342610,137044000000,-3.85
373220,LG에너지솔루션,2026-06-19,87,402000,422000,391000,404500,753314,304715513000,1.12
373220,LG에너지솔루션,2026-06-22,88,407500,407500,385000,385500,358905,138357877500,-4.7
373220,LG에너지솔루션,2026-06-23,89,387500,399500,360000,362000,484181,175273522000,-6.1
373220,LG에너지솔루션,2026-06-24,90,364500,368500,354000,365500,353220,129101910000,0.97
373220,LG에너지솔루션,2026-06-25,91,371000,374000,352000,352000,448999,158047648000,-3.69
373220,LG에너지솔루션,2026-06-26,92,353000,356500,323000,331500,582932,193241958000,-5.82
373220,LG에너지솔루션,2026-06-29,93,336000,400500,334000,400500,833095,333654547500,20.81
373220,LG에너지솔루션,2026-06-30,94,391500,392000,362000,362000,672385,243403370000,-9.61
373220,LG에너지솔루션,2026-07-01,95,366500,366500,345000,348000,395443,137614164000,-3.87
373220,LG에너지솔루션,2026-07-02,96,348500,363500,339000,354000,358138,126780852000,1.72
373220,LG에너지솔루션,2026-07-03,97,359500,363500,342500,362500,397490,144090125000,2.4
373220,LG에너지솔루션,2026-07-06,98,362000,362500,347500,354500,330389,117122900500,-2.21
373220,LG에너지솔루션,2026-07-07,99,350000,352000,323000,332000,567089,188273548000,-6.35
373220,LG에너지솔루션,2026-07-08,100,329000,329500,312500,315500,372285,117455917500,-4.97
373220,LG에너지솔루션,2026-07-09,101,316000,333500,309500,313500,505757,158554819500,-0.63
373220,LG에너지솔루션,2026-07-10,102,323000,333000,321500,326000,263154,85788204000,3.99
373220,LG에너지솔루션,2026-07-13,103,328000,346000,325500,328500,313372,102942702000,0.77
373220,LG에너지솔루션,2026-07-14,104,332000,332000,316500,322000,368900,118785800000,-1.98
373220,LG에너지솔루션,2026-07-15,105,329500,341500,328000,335000,323299,108305165000,4.04
373220,LG에너지솔루션,2026-07-16,106,338000,349000,329000,334000,314975,105201650000,-0.3
373220,LG에너지솔루션,2026-07-20,107,331000,333500,315500,317500,310401,98552317500,-4.94
373220,LG에너지솔루션,2026-07-21,108,315500,324000,312000,317000,222065,70394605000,-0.16
373220,LG에너지솔루션,2026-07-22,109,324000,333500,321000,321000,217211,69724731000,1.26
373220,LG에너지솔루션,2026-07-23,110,322000,350000,322000,348000,327080,113823840000,8.41
373220,LG에너지솔루션,2026-07-24,111,337500,342000,326000,329500,232863,76728358500,-5.32
373220,LG에너지솔루션,2026-07-27,112,335000,338000,328000,333000,126791,42221403000,1.06
373220,LG에너지솔루션,2026-07-28,113,328000,328500,308000,314000,338100,106163400000,-5.71
373220,LG에너지솔루션,2026-07-29,114,316000,319000,290500,300500,397135,119339067500,-4.3
373220,LG에너지솔루션,2026-07-30,115,300500,328000,298000,320000,480095,153630400000,6.49
373220,LG에너지솔루션,2026-07-31,116,328500,332500,309000,328000,491853,161327784000,2.5
373220,LG에너지솔루션,2026-08-03,117,323500,323500,310500,316000,279360,88277760000,-3.66
373220,LG에너지솔루션,2026-08-04,118,319000,330500,315000,328500,270560,88878960000,3.96
373220,LG에너지솔루션,2026-08-05,119,336000,342000,330000,335500,286160,96006680000,2.13
373220,LG에너지솔루션,2026-08-06,120,332500,345500,330500,345000,212231,73219695000,2.83
373220,LG에너지솔루션,2026-08-07,121,347000,363000,346000,360000,426444,153519840000,4.35
373220,LG에너지솔루션,2026-08-10,122,356000,369000,347500,367500,247517,90962497500,2.08
373220,LG에너지솔루션,2026-08-11,123,365000,371500,352500,354500,279255,98995897500,-3.54
373220,LG에너지솔루션,2026-08-12,124,360000,369500,353000,358500,257478,92305863000,1.13
373220,LG에너지솔루션,2026-08-13,125,361500,370000,359500,365500,321608,117547724000,1.95
373220,LG에너지솔루션,2026-08-14,126,366000,371500,358500,369500,243455,89956622500,1.09
